Unnamed: 0,Age,Sex,Job,Housing,Saving accounts,Checking account,Credit amount,Duration,Purpose,Risk
0,2.7664564848025224,1,0.1469491804436178,1,2,0,-0.7451314133870967,-1.2364778603818776,5,1
1,-1.1914039404570154,0,0.1469491804436178,1,0,1,0.9498167893630399,2.2481943623946683,5,0
2,1.1833123146987072,1,-1.3837714491773996,1,0,2,-0.4165624079606273,-0.738667542842371,3,1
3,0.8315024991200816,1,0.1469491804436178,0,0,0,1.634246939825297,1.7503840448551617,4,1
4,1.5351221302773328,1,0.1469491804436178,0,0,0,0.5666635047179338,0.2569530922366421,1,0
5,-0.048022039826482336,1,-1.3837714491773996,0,2,2,2.0500090146529657,1.2525737273156552,3,1
6,1.5351221302773328,1,0.1469491804436178,1,3,2,-0.1546287563854807,0.2569530922366421,4,1
7,-0.048022039826482336,1,1.677669810064635,2,0,1,1.3031968307979807,1.2525737273156552,1,1
8,2.238741761434584,1,-1.3837714491773996,1,4,2,-0.07523344115837269,-0.738667542842371,5,1
9,-0.6636892170890771,1,1.677669810064635,1,0,1,0.6956808919619843,0.7547634097761486,1,0
10,-0.9275465787730462,0,0.1469491804436178,2,0,1,-0.7004715485718485,-0.738667542842371,1,0
11,-1.0154990326677027,0,0.1469491804436178,2,0,0,0.3674663299070645,2.2481943623946683,0,0
12,-1.1914039404570154,0,0.1469491804436178,1,0,1,-0.6040629515103602,-0.738667542842371,5,1
13,2.1507893075399274,1,-1.3837714491773996,1,0,0,-0.734498112240609,0.2569530922366421,1,0
14,-0.6636892170890771,0,0.1469491804436178,2,0,0,-0.6621916644444927,-0.4897623840726178,1,1
15,-0.3118794015104515,0,-1.3837714491773996,1,1,0,-0.7050793124019931,0.2569530922366421,5,0
16,1.5351221302773328,1,0.1469491804436178,1,2,2,-0.30030498209236195,0.2569530922366421,5,1
17,-0.9275465787730462,1,0.1469491804436178,1,2,0,1.701591180419719,0.7547634097761486,0,1
18,0.7435500452254252,0,1.677669810064635,0,0,1,3.2990674559937188,0.2569530922366421,1,0
19,-0.3998318554051079,1,0.1469491804436178,1,3,2,0.056265049686524994,0.2569530922366421,5,1
20,1.0953598608040507,1,0.1469491804436178,1,0,2,-0.4030935598417429,-0.9875727016121243,1,1
21,0.7435500452254252,1,0.1469491804436178,2,3,0,-0.22126411023680354,-1.2364778603818776,5,1
22,1.0953598608040507,1,-1.3837714491773996,2,0,0,-0.3651681190859368,-0.9046043153555399,1,1
23,0.7435500452254252,1,0.1469491804436178,1,1,1,-0.5200598724531074,-0.738667542842371,1,1
24,-0.8395941248783899,1,0.1469491804436178,1,2,2,-0.4261323789924662,-0.9046043153555399,4,1
25,0.03993041406817406,1,-1.3837714491773996,1,0,0,-0.6724705222194308,-1.2364778603818776,4,1
26,0.3037877757521432,1,-1.3837714491773996,1,0,2,-1.0084828384484417,-1.2364778603818776,5,1
27,0.5676451374361124,0,0.1469491804436178,2,4,3,-1.0145083757647846,-0.738667542842371,5,1
28,-0.13597449372113873,1,0.1469491804436178,1,0,1,-0.3034949724363083,-1.1535094741252931,5,1
29,2.4146466692238966,1,0.1469491804436178,1,0,0,1.2634991731844265,3.2438149974736814,0,0
30,0.03993041406817406,1,0.1469491804436178,1,4,1,-0.48142554495420214,-0.2408572253028645,0,1
31,-0.7516416709837335,1,0.1469491804436178,1,0,0,0.26538663890078273,0.2569530922366421,4,1
32,-0.4877843092997643,1,0.1469491804436178,1,1,1,0.9196891027813249,-0.2408572253028645,1,1
33,1.8869319458559584,1,-1.3837714491773996,2,2,2,-0.7114592930898858,-0.738667542842371,0,1
34,-0.22392694761579512,0,1.677669810064635,1,0,3,-0.637026185064472,-0.738667542842371,4,1
35,-0.9275465787730462,1,-1.3837714491773996,1,0,1,0.5227125266457847,1.999289203624915,5,0
36,-0.3998318554051079,1,0.1469491804436178,0,0,2,1.0061732854394247,2.2481943623946683,3,1
37,0.12788286796283044,1,0.1469491804436178,1,0,3,-0.41514463447442895,-0.2408572253028645,5,0
38,0.12788286796283044,1,0.1469491804436178,1,0,3,-0.7252825845803197,-0.9046043153555399,2,1
39,-1.0154990326677027,1,0.1469491804436178,1,0,1,-0.9971406505588548,-0.9875727016121243,5,1
40,-0.4877843092997643,1,1.677669810064635,1,3,2,-0.3325593289033746,0.7547634097761486,5,1
41,-0.8395941248783899,1,0.1469491804436178,1,3,1,-0.7490302904741422,-0.738667542842371,5,1
42,0.7435500452254252,1,-1.3837714491773996,1,0,1,1.039490962365086,-0.2408572253028645,6,1
43,-1.0154990326677027,1,0.1469491804436178,2,1,0,1.033465425048743,0.7547634097761486,1,1
44,1.9748843997506147,0,-1.3837714491773996,0,0,0,1.0178699167005612,2.2481943623946683,1,0
45,-0.048022039826482336,0,1.677669810064635,1,0,2,-0.6657360981599887,-0.8216359290989554,1,1
46,0.3037877757521432,1,0.1469491804436178,1,3,2,-0.34461040353606065,1.2525737273156552,5,1
47,-1.103451486562359,0,-2.9144920787984168,2,3,0,-0.6802682763935218,-1.2364778603818776,1,1
48,0.3037877757521432,1,-1.3837714491773996,1,0,2,1.4024409748318656,-0.8216359290989554,1,1
49,-0.6636892170890771,0,0.1469491804436178,1,1,2,-0.4247146055062679,-0.738667542842371,5,1
50,-0.5757367631944207,1,-1.3837714491773996,1,2,1,-0.3325593289033746,0.2569530922366421,4,1
51,-0.4877843092997643,1,1.677669810064635,1,0,1,0.9547789965647342,0.5058582510063954,1,1
52,-0.9275465787730462,1,0.1469491804436178,1,0,2,-0.7121681798329849,-0.738667542842371,5,1
53,-0.3998318554051079,1,0.1469491804436178,1,2,2,0.03783399436594634,-0.2408572253028645,1,1
54,1.8869319458559584,1,0.1469491804436178,0,0,1,-0.37083921303073025,1.2525737273156552,1,0
55,-0.8395941248783899,1,-1.3837714491773996,1,2,2,-0.8819465548052382,-1.2364778603818776,1,1
56,1.4471696763826765,1,1.677669810064635,1,2,1,1.1330640124541778,-0.738667542842371,5,0
57,-0.3998318554051079,0,0.1469491804436178,1,0,2,2.231129577514806,1.2525737273156552,5,1
58,-1.103451486562359,0,1.677669810064635,1,0,3,-0.46441226311982187,-0.2408572253028645,1,1
59,-1.103451486562359,0,-1.3837714491773996,2,0,0,1.0483520466538259,1.2525737273156552,4,0
60,-0.7516416709837335,1,0.1469491804436178,1,0,1,-0.6664449849030879,-0.9875727016121243,0,1
61,1.2712647685933636,1,0.1469491804436178,1,2,1,-0.6146962526568478,-0.4897623840726178,5,1
62,2.238741761434584,1,1.677669810064635,0,0,1,-0.4672478100922186,1.2525737273156552,0,0
63,-0.9275465787730462,1,0.1469491804436178,1,0,1,3.9519521463880625,2.2481943623946683,0,0
64,-0.8395941248783899,0,0.1469491804436178,1,0,2,-0.03199134982932277,0.2569530922366421,5,1
65,1.0953598608040507,1,0.1469491804436178,1,2,2,0.6800853836138023,0.5058582510063954,6,1
66,-0.5757367631944207,0,0.1469491804436178,1,0,2,-0.3899791550944081,-0.738667542842371,5,1
67,-1.1914039404570154,1,0.1469491804436178,1,4,1,-0.8025512395781302,-0.738667542842371,1,1
68,0.12788286796283044,1,0.1469491804436178,0,0,2,-0.5147432218798635,1.2525737273156552,3,0
69,-0.9275465787730462,0,0.1469491804436178,1,2,2,-0.31093828323884964,1.2525737273156552,5,1
70,-0.4877843092997643,0,0.1469491804436178,1,0,2,1.723212226084244,1.2525737273156552,1,1
71,0.919454953014738,1,-1.3837714491773996,2,2,2,-0.9007320534973665,-1.1535094741252931,5,1
72,1.35921722248802,1,1.677669810064635,0,0,0,-0.7469036302448446,-1.0705410878687087,7,1
73,0.479692683541456,0,-1.3837714491773996,1,0,1,0.9508801194776887,1.7503840448551617,0,1
74,0.3917402296467996,1,1.677669810064635,1,2,0,-0.45874116917502844,1.2525737273156552,3,0
75,2.678504030907866,1,1.677669810064635,0,0,0,-0.6185951297438933,-0.738667542842371,1,1
76,-0.13597449372113873,1,0.1469491804436178,1,0,0,0.24589225346555532,1.7503840448551617,5,0
77,1.35921722248802,1,0.1469491804436178,1,0,1,0.5315736109345244,-0.8216359290989554,5,1
78,0.3037877757521432,1,-1.3837714491773996,1,2,2,2.185051939213359,2.746004679934175,1,1
79,-1.1914039404570154,1,0.1469491804436178,1,0,1,0.19875128504945994,0.7547634097761486,4,1
80,0.7435500452254252,0,0.1469491804436178,1,2,2,0.9469812423906432,0.2569530922366421,5,0
81,1.0074074069093943,1,0.1469491804436178,1,3,2,-0.7295359050389147,-0.4897623840726178,5,1
82,-1.0154990326677027,0,-1.3837714491773996,2,1,2,-0.6037085081388105,-0.2408572253028645,0,1
83,1.9748843997506147,0,-1.3837714491773996,1,0,0,-0.5374275976590372,0.2569530922366421,7,1
84,1.4471696763826765,1,-1.3837714491773996,1,0,0,-0.3389393095912672,-0.9046043153555399,5,1
85,-0.5757367631944207,0,1.677669810064635,1,0,2,-0.6590016741005464,-0.738667542842371,0,1
86,-0.7516416709837335,0,0.1469491804436178,1,0,1,-0.7004715485718485,-0.2408572253028645,4,1
87,1.0074074069093943,1,0.1469491804436178,0,1,1,3.310764087254855,1.2525737273156552,3,0
88,-0.4877843092997643,1,1.677669810064635,1,1,0,-0.36233257211354014,-0.2408572253028645,1,1
89,-0.6636892170890771,1,0.1469491804436178,1,0,0,-0.7667524590516217,-0.738667542842371,6,0
90,1.798979491961302,1,0.1469491804436178,1,0,2,-0.9404297111109204,-0.738667542842371,5,1
91,1.6230745841719891,1,0.1469491804436178,1,0,0,-0.6600650042151952,-0.738667542842371,1,1
92,-0.22392694761579512,0,-1.3837714491773996,1,2,2,-0.8769843476035439,-0.738667542842371,5,0
93,-1.3673088482463283,1,0.1469491804436178,2,2,3,0.12254596016629822,0.2569530922366421,4,1
94,1.6230745841719891,1,0.1469491804436178,1,4,1,-0.6923193510262079,-0.738667542842371,1,1
95,1.9748843997506147,1,0.1469491804436178,2,0,1,4.492123844629637,2.746004679934175,0,0
96,2.238741761434584,0,0.1469491804436178,1,2,2,-0.4463356511707928,-0.738667542842371,3,1
97,-0.13597449372113873,1,0.1469491804436178,1,1,1,-0.23012519452554325,-0.2408572253028645,0,1
98,0.03993041406817406,1,0.1469491804436178,1,0,1,-0.33114155541717627,1.2525737273156552,5,1
99,0.03993041406817406,1,1.677669810064635,2,2,1,1.3418311582968858,-0.07492045278969563,1,1
100,0.479692683541456,1,-1.3837714491773996,2,1,2,-0.6387984019222199,0.2569530922366421,1,1
101,-1.0154990326677027,1,0.1469491804436178,2,0,1,-0.3361037626188705,1.2525737273156552,5,1
102,-1.0154990326677027,0,0.1469491804436178,1,0,2,-0.8291344924443494,-1.2364778603818776,5,1
103,-0.048022039826482336,1,0.1469491804436178,2,0,1,-0.4792988847249046,-0.9875727016121243,4,1
104,-0.8395941248783899,1,0.1469491804436178,2,2,2,-0.2928616712898206,-0.738667542842371,1,1
105,0.3037877757521432,1,1.677669810064635,1,0,1,3.071869254830432,0.2569530922366421,7,0
106,0.3037877757521432,1,1.677669810064635,1,0,2,1.1295195787386818,-0.2408572253028645,1,0
107,-0.3118794015104515,1,0.1469491804436178,1,0,1,0.9948310975498378,-0.738667542842371,1,1
108,-0.4877843092997643,0,0.1469491804436178,1,2,0,1.5771815570058132,0.2569530922366421,4,1
109,-0.048022039826482336,1,0.1469491804436178,1,3,1,-0.6597105608436457,-0.5727307703292022,0,1
110,-0.3998318554051079,1,0.1469491804436178,1,1,1,-0.6458872693532116,-1.2364778603818776,0,1
111,-1.103451486562359,0,0.1469491804436178,2,0,3,-1.0205339130811277,-0.4897623840726178,3,1
112,-0.6636892170890771,1,-1.3837714491773996,2,0,1,1.0593397911718632,-0.2408572253028645,1,1
113,-0.9275465787730462,0,0.1469491804436178,1,0,2,1.6246769687934581,1.2525737273156552,1,0
114,-0.048022039826482336,1,0.1469491804436178,1,3,0,-0.5640108505252565,-0.738667542842371,5,1
115,1.0074074069093943,1,0.1469491804436178,1,2,2,0.10872266867586422,2.2481943623946683,5,1
116,-0.4877843092997643,0,1.677669810064635,1,2,0,1.3833010327681878,1.7503840448551617,5,0
117,-0.7516416709837335,0,0.1469491804436178,2,2,0,-0.4038024465848421,-0.9046043153555399,4,1
118,-1.103451486562359,0,0.1469491804436178,1,3,0,0.3578963588752256,1.003668568545902,4,0
119,0.03993041406817406,1,1.677669810064635,1,3,1,-0.3208626976422382,-0.738667542842371,1,1
120,-0.9275465787730462,0,0.1469491804436178,1,0,0,-0.5090721279350702,0.008047933466888799,5,0
121,0.479692683541456,0,1.677669810064635,2,0,2,0.21151124642524516,0.2569530922366421,1,1
122,-1.0154990326677027,1,-1.3837714491773996,2,0,2,-0.5328198338288926,-0.738667542842371,4,1
123,2.4146466692238966,1,0.1469491804436178,0,0,3,-0.8826554415483374,-0.9046043153555399,1,1
124,-0.7516416709837335,0,0.1469491804436178,2,2,1,-0.4775266678671567,-0.2408572253028645,4,0
125,-0.4877843092997643,1,0.1469491804436178,1,0,0,-0.40770132367188755,-0.738667542842371,1,1
126,0.3917402296467996,1,-1.3837714491773996,1,0,0,-0.9110109112723046,-0.738667542842371,5,1
127,-0.4877843092997643,1,0.1469491804436178,1,0,1,-0.9329864003083791,-0.738667542842371,6,0
128,-0.13597449372113873,1,1.677669810064635,1,0,1,-0.5002110436463304,-0.738667542842371,1,1
129,-0.5757367631944207,0,0.1469491804436178,1,0,0,0.08072164232344667,-0.738667542842371,1,0
130,-1.0154990326677027,0,0.1469491804436178,1,2,1,1.8486851796127988,2.2481943623946683,1,1
131,-0.5757367631944207,1,0.1469491804436178,1,0,0,1.2815757851334557,1.2525737273156552,3,0
132,-0.7516416709837335,1,-1.3837714491773996,1,0,2,-0.19964306457227857,-0.4897623840726178,4,1
133,1.0074074069093943,1,0.1469491804436178,0,0,2,-0.4562600655741813,-0.2408572253028645,4,1
134,-1.279356394351672,0,0.1469491804436178,1,1,2,2.4359978462704683,3.2438149974736814,5,1
135,0.21583532185748686,0,0.1469491804436178,1,2,2,-0.7199659340070759,-0.738667542842371,5,1
136,-0.7516416709837335,1,0.1469491804436178,1,4,2,1.893345044428047,0.5058582510063954,1,1
137,2.678504030907866,1,-1.3837714491773996,1,3,1,-0.8879720921215812,-0.738667542842371,5,0
138,-0.048022039826482336,1,0.1469491804436178,1,2,1,-0.1925541971412868,-0.4897623840726178,5,1
139,0.7435500452254252,0,-1.3837714491773996,2,0,3,-0.49276773284378905,-0.738667542842371,5,1
140,-0.7516416709837335,1,-2.9144920787984168,1,4,3,-0.9081753642999079,-1.2364778603818776,1,1
141,-0.4877843092997643,0,1.677669810064635,1,0,1,0.5400802518517146,1.2525737273156552,5,1
142,-0.7516416709837335,1,1.677669810064635,1,0,0,0.05130284248483074,0.5058582510063954,5,1
143,-1.1914039404570154,1,0.1469491804436178,1,0,0,-0.28683613397347757,-0.2408572253028645,4,0
144,-1.103451486562359,0,0.1469491804436178,1,0,2,-0.34850928062310615,0.008047933466888799,4,1
145,-0.4877843092997643,1,0.1469491804436178,1,1,1,0.10446934821726915,2.2481943623946683,0,1
146,0.3037877757521432,0,0.1469491804436178,1,0,0,-0.8546544151959198,-1.2364778603818776,1,1
147,1.35921722248802,0,0.1469491804436178,1,1,2,-0.9177453353317467,-0.738667542842371,1,1
148,-0.6636892170890771,1,0.1469491804436178,1,0,0,0.744239633864278,1.2525737273156552,4,1
149,0.919454953014738,1,0.1469491804436178,1,4,2,-0.5987463009371162,-0.2408572253028645,5,1
150,0.5676451374361124,1,0.1469491804436178,0,1,2,-0.6823949366228194,-1.2364778603818776,5,1
151,0.21583532185748686,1,0.1469491804436178,1,0,2,-0.4775266678671567,-0.9046043153555399,5,1
152,-1.0154990326677027,1,0.1469491804436178,1,0,3,0.9133091220934322,1.2525737273156552,5,1
153,-0.5757367631944207,0,0.1469491804436178,2,4,1,1.590295961753148,0.2569530922366421,1,1
154,0.03993041406817406,1,1.677669810064635,2,1,1,1.309931254857423,0.2569530922366421,0,1
155,-1.3673088482463283,0,0.1469491804436178,2,0,0,-0.7050793124019931,-0.738667542842371,4,0
156,1.0953598608040507,1,0.1469491804436178,1,1,0,-0.7029526521726955,-0.9875727016121243,6,1
157,0.8315024991200816,1,-1.3837714491773996,1,0,0,-1.0393194117732558,-0.738667542842371,3,1
158,0.21583532185748686,1,0.1469491804436178,1,1,1,0.08532940615359133,0.2569530922366421,1,1
159,-0.13597449372113873,1,-1.3837714491773996,1,2,2,-0.486742195527446,-1.2364778603818776,5,1
160,0.03993041406817406,1,0.1469491804436178,1,1,2,-0.1415143516381459,0.2569530922366421,5,1
161,-0.4877843092997643,0,0.1469491804436178,1,0,2,-0.7855379577437499,-0.2408572253028645,1,1
162,0.03993041406817406,1,0.1469491804436178,1,3,2,-0.7121681798329849,-0.4897623840726178,2,1
163,3.0303138464864916,1,1.677669810064635,0,0,1,1.4307964445558328,-0.9046043153555399,1,1
164,0.03993041406817406,1,0.1469491804436178,1,3,2,-0.83728668998999,1.2525737273156552,1,1
165,-0.3118794015104515,1,0.1469491804436178,1,3,2,-0.10394335425388943,-1.2364778603818776,4,1
166,-0.22392694761579512,0,0.1469491804436178,1,0,0,-0.7586002615059811,-0.2408572253028645,4,0
167,-1.3673088482463283,0,0.1469491804436178,1,4,1,-0.6005185177948642,-0.8216359290989554,4,1
168,-0.9275465787730462,0,0.1469491804436178,2,0,2,0.24837335706640246,0.2569530922366421,4,1
169,-0.3998318554051079,1,0.1469491804436178,1,0,1,-0.4736277907801112,0.2569530922366421,0,0
170,-0.22392694761579512,1,0.1469491804436178,2,0,0,-0.8227545117564568,-0.4897623840726178,1,0
171,-0.8395941248783899,0,0.1469491804436178,1,0,2,-0.88903542223623,-0.738667542842371,4,1
172,-0.13597449372113873,0,1.677669810064635,1,0,1,-0.4279045958502142,0.2569530922366421,4,0
173,-0.22392694761579512,1,0.1469491804436178,1,0,1,-0.6582927873574473,-1.0705410878687087,5,1
174,-0.8395941248783899,1,0.1469491804436178,1,0,0,0.05059395574173156,0.008047933466888799,3,0
175,1.5351221302773328,0,1.677669810064635,1,2,2,1.49353292132011,0.7547634097761486,1,0
176,0.5676451374361124,1,0.1469491804436178,1,0,0,-0.2460751462452748,-0.738667542842371,4,1
177,1.4471696763826765,1,0.1469491804436178,1,3,0,-1.0396738551448055,-1.2364778603818776,5,1
178,-0.3998318554051079,1,1.677669810064635,2,0,2,-0.4637033763767227,-0.738667542842371,5,1
179,2.5905515770132093,1,0.1469491804436178,1,0,0,-0.9570885495737512,0.008047933466888799,1,1
180,-0.6636892170890771,1,0.1469491804436178,1,0,2,2.2332562377441034,1.2525737273156552,0,0
181,-0.4877843092997643,1,1.677669810064635,1,0,1,0.41956950552485417,1.2525737273156552,0,0
182,0.3917402296467996,1,-1.3837714491773996,1,2,0,-0.575707481786393,0.008047933466888799,1,0
183,1.2712647685933636,1,0.1469491804436178,1,4,2,0.17925689961423252,0.2569530922366421,4,1
184,0.03993041406817406,1,0.1469491804436178,1,0,1,-0.8461477742787297,-0.2408572253028645,1,0
185,-0.3998318554051079,1,0.1469491804436178,1,0,2,-0.6774327294211251,-0.4897623840726178,5,1
186,3.382123662065117,0,1.677669810064635,0,0,1,0.6584643379492774,-0.9875727016121243,1,0
187,2.8544089386971785,1,-2.9144920787984168,0,0,1,-0.7430047531577991,-0.4067939978160333,1,1
188,-1.3673088482463283,1,0.1469491804436178,1,1,0,-0.9205808823041435,-0.738667542842371,5,0
189,-0.22392694761579512,0,0.1469491804436178,1,0,1,-0.009661417421698642,-0.2408572253028645,4,1
190,1.6230745841719891,1,1.677669810064635,1,4,2,0.4677738040555983,0.2569530922366421,0,0
191,-0.13597449372113873,1,-1.3837714491773996,0,1,1,0.20300460550805502,2.2481943623946683,0,0
192,0.03993041406817406,1,0.1469491804436178,1,0,1,0.22817008488807586,0.5058582510063954,0,0
193,-0.5757367631944207,1,0.1469491804436178,2,0,2,-0.4123090875020322,-1.2364778603818776,5,1
194,-1.279356394351672,1,0.1469491804436178,2,1,1,-0.08515785556176118,1.999289203624915,5,0
195,-0.13597449372113873,0,1.677669810064635,1,0,1,-0.627456214032633,-0.9875727016121243,3,0
196,-0.6636892170890771,0,0.1469491804436178,1,0,2,-0.6696349752470342,-1.2364778603818776,5,1
197,-0.7516416709837335,0,0.1469491804436178,2,1,1,-0.8224000683849072,-0.738667542842371,4,0
198,0.03993041406817406,1,0.1469491804436178,0,2,1,-0.18121200925169992,0.2569530922366421,1,1
199,0.3917402296467996,1,1.677669810064635,1,0,1,0.363567452820019,-0.2408572253028645,4,0
200,1.4471696763826765,1,0.1469491804436178,1,3,2,-0.827716718958151,-0.9875727016121243,3,1
201,-0.7516416709837335,1,-1.3837714491773996,1,0,0,-0.7454858567586463,-0.738667542842371,1,1
202,-0.8395941248783899,1,0.1469491804436178,1,0,2,0.6542110174906823,0.5058582510063954,0,1
203,-1.279356394351672,1,0.1469491804436178,2,0,0,-0.8397677935908371,-0.738667542842371,3,0
204,0.21583532185748686,1,-1.3837714491773996,1,0,2,-0.6295828742619306,-0.738667542842371,1,1
205,0.21583532185748686,1,1.677669810064635,0,0,0,2.6057762212427216,0.7547634097761486,1,1
206,0.6555975913307688,1,0.1469491804436178,1,0,2,-0.4736277907801112,-0.738667542842371,4,1
207,-0.8395941248783899,1,0.1469491804436178,1,0,1,-0.6547483536419514,-0.738667542842371,2,1
208,-1.279356394351672,1,-1.3837714491773996,1,0,0,1.1685083496091366,0.2569530922366421,0,1
209,1.7110270380666455,1,0.1469491804436178,1,4,2,-0.6586472307289969,-0.738667542842371,1,1
210,-0.22392694761579512,1,0.1469491804436178,1,2,2,-0.06991679058512884,-0.9875727016121243,5,1
211,0.8315024991200816,0,-1.3837714491773996,1,2,2,0.1998146151641087,1.2525737273156552,5,1
212,1.2712647685933636,1,0.1469491804436178,1,0,0,0.7165930508834101,0.5058582510063954,0,0
213,2.678504030907866,1,1.677669810064635,1,0,3,-0.4831977618119501,0.7547634097761486,0,0
214,1.35921722248802,1,0.1469491804436178,1,2,2,0.025074032990161123,1.2525737273156552,5,1
215,0.3037877757521432,0,-1.3837714491773996,1,2,1,-0.8291344924443494,-1.2364778603818776,3,1
216,-0.3998318554051079,1,0.1469491804436178,1,0,0,-0.05928348943864116,-0.2408572253028645,0,1
217,-1.103451486562359,1,0.1469491804436178,1,0,3,0.22746119814497667,1.2525737273156552,5,1
218,-1.0154990326677027,1,-1.3837714491773996,2,0,0,-0.08870228927725708,0.2569530922366421,4,1
219,2.502599123118553,0,0.1469491804436178,1,0,2,-0.6760149559349268,-0.9046043153555399,1,1
220,-0.8395941248783899,1,-1.3837714491773996,1,0,1,-0.9379486075100734,-0.738667542842371,5,1
221,-1.103451486562359,0,0.1469491804436178,2,2,0,-0.7341436688690595,-0.738667542842371,3,1
222,-0.4877843092997643,1,0.1469491804436178,1,0,2,-0.908884251043007,-0.738667542842371,5,1
223,-0.3118794015104515,1,0.1469491804436178,1,2,2,-0.10394335425388943,0.2569530922366421,0,1
224,-0.4877843092997643,1,0.1469491804436178,1,0,2,0.49116706657787124,-0.4897623840726178,1,1
225,-0.7516416709837335,1,0.1469491804436178,1,0,2,-0.23331518486948957,1.2525737273156552,6,1
226,-0.7516416709837335,1,0.1469491804436178,1,4,1,2.725578080826483,2.2481943623946683,5,0
227,1.5351221302773328,1,1.677669810064635,0,0,0,1.628221402508954,-0.738667542842371,4,0
228,-1.1914039404570154,1,0.1469491804436178,1,0,2,-0.6356084115782735,-0.9875727016121243,5,0
229,-1.1914039404570154,1,0.1469491804436178,0,0,0,-0.04333353771890964,0.2569530922366421,4,1
230,-0.8395941248783899,1,0.1469491804436178,1,0,3,0.33273087949520475,1.2525737273156552,5,0
231,1.35921722248802,1,-1.3837714491773996,0,3,2,-0.27088618225374606,-0.9875727016121243,1,1
232,-0.048022039826482336,1,0.1469491804436178,1,1,2,-0.40061245624089575,-0.738667542842371,5,1
233,-0.9275465787730462,1,-1.3837714491773996,1,0,1,-0.8525277549666223,-0.2408572253028645,5,1
234,0.5676451374361124,1,-1.3837714491773996,1,0,2,-0.6122151490560007,-1.4024146328950464,5,1
235,-0.4877843092997643,1,1.677669810064635,1,0,0,-0.5133254483936652,0.2569530922366421,5,0
236,-1.103451486562359,1,-2.9144920787984168,1,2,1,3.9994475581757074,-1.2364778603818776,1,0
237,2.238741761434584,1,-1.3837714491773996,2,1,1,-0.1787309056508528,0.008047933466888799,0,0
238,-0.048022039826482336,0,0.1469491804436178,1,0,2,-0.7018893220580468,-0.738667542842371,5,1
239,0.3037877757521432,1,0.1469491804436178,1,0,0,-0.2655695316805022,0.7547634097761486,5,1
240,-0.5757367631944207,0,0.1469491804436178,1,2,0,-0.8351600297606924,0.2569530922366421,1,0
241,1.35921722248802,1,0.1469491804436178,1,0,2,-0.5941385371069716,-1.2364778603818776,5,1
242,-1.0154990326677027,1,0.1469491804436178,0,0,0,0.4727360112572926,2.2481943623946683,1,0
243,-0.7516416709837335,0,0.1469491804436178,1,0,2,-0.7394603194423033,-0.738667542842371,0,1
244,-0.048022039826482336,0,-1.3837714491773996,1,3,2,0.06229058700286801,-0.738667542842371,3,1
245,-0.9275465787730462,1,0.1469491804436178,1,0,2,-0.7135859533191833,0.2569530922366421,0,1
246,1.4471696763826765,1,0.1469491804436178,1,0,2,-0.9053398173275111,-0.738667542842371,5,1
247,-0.048022039826482336,1,0.1469491804436178,2,1,2,-0.732725895382861,-1.2364778603818776,1,1
248,-0.8395941248783899,1,0.1469491804436178,1,0,3,-0.4771722244956071,0.2569530922366421,4,1
249,-1.1914039404570154,0,0.1469491804436178,2,0,2,-1.0060017348475945,-0.2408572253028645,5,0
250,0.3037877757521432,0,-1.3837714491773996,1,4,0,-0.9234164292765402,-1.2364778603818776,1,1
251,0.919454953014738,0,-1.3837714491773996,1,0,3,-0.36162368537044093,-0.738667542842371,4,1
252,-1.0154990326677027,0,0.1469491804436178,1,0,1,-0.39742246589694946,0.7547634097761486,1,0
253,-0.048022039826482336,1,0.1469491804436178,1,1,2,0.31181872057377896,0.2569530922366421,4,1
254,-1.0154990326677027,1,0.1469491804436178,1,2,1,-0.4399556704829002,-0.9875727016121243,4,1
255,-0.7516416709837335,1,-1.3837714491773996,1,2,1,1.4697852154262876,3.2438149974736814,5,1
256,-0.048022039826482336,1,-1.3837714491773996,1,0,2,-0.20814970548946873,0.2569530922366421,5,1
257,-0.5757367631944207,1,0.1469491804436178,0,0,0,-0.39777690926849907,-0.738667542842371,5,0
258,-1.103451486562359,0,0.1469491804436178,1,1,2,0.19166241761846814,-0.4897623840726178,1,1
259,1.8869319458559584,0,-1.3837714491773996,1,1,2,-0.7504480639603406,-0.8216359290989554,5,1
260,-0.7516416709837335,1,0.1469491804436178,1,0,0,-0.572163048070897,-0.738667542842371,4,1
261,1.7110270380666455,0,0.1469491804436178,1,0,0,-0.5913029901345749,0.2569530922366421,5,1
262,0.03993041406817406,1,1.677669810064635,0,0,0,0.7197830412273564,-0.2408572253028645,1,1
263,1.8869319458559584,0,-1.3837714491773996,0,0,2,-0.185465329710295,-0.738667542842371,3,1
264,-0.3118794015104515,1,-1.3837714491773996,1,0,2,-0.7231559243510222,-0.9046043153555399,1,1
265,0.12788286796283044,1,0.1469491804436178,1,0,1,-0.8752121307457961,-0.4897623840726178,5,0
266,0.03993041406817406,1,0.1469491804436178,1,2,2,1.074935299520045,1.2525737273156552,0,1
267,0.21583532185748686,0,0.1469491804436178,1,0,2,-0.6161140261430461,0.2569530922366421,5,1
268,0.8315024991200816,1,1.677669810064635,1,0,0,2.0227168750436473,-0.5727307703292022,1,0
269,-0.9275465787730462,1,0.1469491804436178,1,2,2,-0.8053867865505269,0.2569530922366421,5,1
270,-0.3118794015104515,1,0.1469491804436178,1,2,2,-0.2159474596635597,-0.2408572253028645,1,1
271,0.12788286796283044,0,0.1469491804436178,2,3,2,-0.6625461078160424,-0.738667542842371,4,1
272,0.03993041406817406,1,1.677669810064635,0,2,1,3.153745673658387,2.2481943623946683,1,1
273,-0.6636892170890771,1,0.1469491804436178,1,0,1,-0.0748789977868231,2.2481943623946683,5,0
274,-0.13597449372113873,1,-1.3837714491773996,1,0,0,3.093135857123407,0.7547634097761486,6,0
275,-0.3118794015104515,1,0.1469491804436178,1,0,2,-0.20354194165932407,-0.9875727016121243,5,1
276,-0.8395941248783899,0,0.1469491804436178,1,0,2,-0.30739384952335375,-0.2408572253028645,5,1
277,1.1833123146987072,1,-1.3837714491773996,1,2,0,-0.7121681798329849,-0.738667542842371,4,1
278,-0.3118794015104515,0,0.1469491804436178,1,0,2,0.4748626714865901,-1.2364778603818776,4,0
279,-0.5757367631944207,1,1.677669810064635,2,1,2,-0.48567886541279726,0.2569530922366421,5,1
280,-1.103451486562359,1,0.1469491804436178,2,4,2,0.03428956065045045,-0.4897623840726178,1,1
281,1.2712647685933636,1,0.1469491804436178,1,0,2,-0.601581847909513,-0.738667542842371,4,1
282,1.1833123146987072,1,-1.3837714491773996,1,2,3,-0.64730504283941,-0.2408572253028645,5,1
283,2.4146466692238966,1,0.1469491804436178,1,2,2,-0.6207217899731908,-0.4897623840726178,4,1
284,0.12788286796283044,1,0.1469491804436178,1,1,1,0.21505568014074106,0.2569530922366421,1,1
285,-0.048022039826482336,0,-1.3837714491773996,1,0,0,2.6408661150261312,2.165225976138084,1,1
286,-0.8395941248783899,1,0.1469491804436178,1,0,0,0.5375991482508674,2.2481943623946683,1,1
287,-0.3998318554051079,1,1.677669810064635,0,1,1,1.5279139283604204,2.2481943623946683,7,1
288,1.1833123146987072,0,0.1469491804436178,1,0,1,-0.7724235529964151,-0.738667542842371,5,1
289,1.0953598608040507,1,0.1469491804436178,1,0,0,-0.7965257022617872,0.2569530922366421,5,0
290,-0.8395941248783899,1,0.1469491804436178,1,0,2,-0.7780946469412086,-0.738667542842371,0,1
291,-0.6636892170890771,1,1.677669810064635,2,0,1,2.1715830910944747,1.2525737273156552,1,0
292,0.7435500452254252,0,1.677669810064635,0,0,0,1.1156962872482479,0.2569530922366421,1,1
293,1.798979491961302,1,0.1469491804436178,0,0,3,0.5404346952232641,1.7503840448551617,1,1
294,0.919454953014738,1,1.677669810064635,1,2,2,1.544572766823251,2.2481943623946683,0,1
295,-0.8395941248783899,0,0.1469491804436178,1,0,1,2.370780265905344,2.2481943623946683,4,0
296,-1.3673088482463283,0,0.1469491804436178,2,2,2,0.4975470472657638,-0.738667542842371,1,1
297,0.8315024991200816,1,-1.3837714491773996,1,2,2,-0.7033070955442452,-0.9046043153555399,1,1
298,0.6555975913307688,1,0.1469491804436178,1,0,2,-0.2680506352813493,-0.2408572253028645,4,1
299,-0.3118794015104515,1,0.1469491804436178,1,4,1,-0.18652865982494377,0.008047933466888799,4,1
300,1.6230745841719891,0,-2.9144920787984168,1,0,2,-0.9212897690472427,-1.2364778603818776,1,1
301,0.5676451374361124,0,0.1469491804436178,1,0,1,0.18882687064607143,1.2525737273156552,5,0
302,0.12788286796283044,1,-1.3837714491773996,1,2,3,-0.6831038233659186,0.2569530922366421,1,0
303,1.1833123146987072,1,0.1469491804436178,1,0,0,-0.7915634950600929,-0.9046043153555399,1,1
304,0.7435500452254252,1,0.1469491804436178,0,3,2,2.429972308954125,2.2481943623946683,1,0
305,-0.22392694761579512,1,0.1469491804436178,1,4,2,-0.6125695924275503,-1.2364778603818776,4,1
306,-1.0154990326677027,0,-1.3837714491773996,2,2,2,0.545751345796508,0.7547634097761486,1,1
307,-0.22392694761579512,1,-1.3837714491773996,1,1,0,-0.9017953836120153,-0.738667542842371,5,0
308,-1.0154990326677027,0,0.1469491804436178,1,0,1,-0.7210292641217246,-1.0705410878687087,4,0
309,-1.1914039404570154,1,-1.3837714491773996,2,0,1,-1.06164934418088,-0.9875727016121243,1,1
310,0.3917402296467996,1,-2.9144920787984168,0,2,1,0.747784067579774,2.2481943623946683,7,1
311,-0.9275465787730462,1,0.1469491804436178,1,1,2,0.7938617058812206,0.2569530922366421,4,1
312,-0.8395941248783899,0,0.1469491804436178,1,0,3,0.169332485210844,0.2569530922366421,4,1
313,-0.9275465787730462,1,-1.3837714491773996,1,0,1,-0.916682005217098,-0.738667542842371,1,0
314,-0.5757367631944207,1,-1.3837714491773996,1,2,3,-0.6299373176334802,-1.4024146328950464,1,1
315,-0.3998318554051079,1,0.1469491804436178,1,0,0,-0.1861742164533942,1.2525737273156552,4,0
316,0.21583532185748686,1,-1.3837714491773996,1,0,0,-0.9085298076714574,-0.738667542842371,4,1
317,1.0953598608040507,0,-1.3837714491773996,1,2,1,0.38270739488369687,0.2569530922366421,4,1
318,-0.3118794015104515,1,0.1469491804436178,1,0,2,-0.9110109112723046,-0.738667542842371,3,1
319,-0.7516416709837335,0,-1.3837714491773996,1,0,0,0.13176148782658753,-0.4897623840726178,4,1
320,-0.6636892170890771,1,1.677669810064635,1,0,1,0.34655417098563873,0.7547634097761486,1,0
321,-0.3118794015104515,1,0.1469491804436178,1,0,0,-0.4725644606654624,0.2569530922366421,5,0
322,-0.13597449372113873,1,1.677669810064635,0,0,0,-0.1280455035192615,0.2569530922366421,1,1
323,-0.6636892170890771,1,0.1469491804436178,1,4,0,-0.21701078977820845,-0.2408572253028645,4,1
324,0.03993041406817406,0,0.1469491804436178,1,0,2,-0.7951079287755888,-0.2408572253028645,1,1
325,0.3037877757521432,1,-1.3837714491773996,1,0,0,0.04492286179693813,-1.0705410878687087,1,1
326,1.1833123146987072,1,0.1469491804436178,2,2,2,0.8966502836306015,-0.738667542842371,4,1
327,-0.13597449372113873,0,0.1469491804436178,1,4,2,-0.6189495731154429,0.2569530922366421,1,1
328,-0.3998318554051079,1,0.1469491804436178,1,0,3,0.42594948621274675,1.2525737273156552,5,1
329,-0.6636892170890771,1,0.1469491804436178,1,0,1,-0.7809301939136052,-1.2364778603818776,5,1
330,3.4700761159597735,1,1.677669810064635,0,0,0,1.1851671880719674,0.2569530922366421,1,1
331,-0.4877843092997643,0,0.1469491804436178,1,1,2,-0.49879327016013203,-0.2408572253028645,3,0
332,-1.0154990326677027,0,1.677669810064635,1,1,1,1.4662407817107916,3.2438149974736814,1,0
333,-1.0154990326677027,0,-1.3837714491773996,2,1,2,2.9485229615311748,2.2481943623946683,1,0
334,-1.103451486562359,1,0.1469491804436178,2,0,0,0.2972865423402458,0.2569530922366421,4,0
335,0.7435500452254252,1,1.677669810064635,2,0,0,0.03996065459524388,-1.2364778603818776,4,0
336,-1.103451486562359,0,-1.3837714491773996,1,0,1,-0.41479019110287935,-0.6556991565857866,5,1
337,-1.0154990326677027,0,0.1469491804436178,2,2,0,-0.7075604160028403,-0.4897623840726178,2,0
338,-0.6636892170890771,1,0.1469491804436178,1,0,0,0.3181987012616716,0.2569530922366421,4,1
339,-0.3998318554051079,1,-1.3837714491773996,1,0,1,-0.6203673466016413,-0.9046043153555399,4,1
340,-1.0154990326677027,0,0.1469491804436178,0,0,1,0.8760925680807253,0.2569530922366421,3,1
341,-0.8395941248783899,0,-1.3837714491773996,2,0,0,0.11616597947840561,0.008047933466888799,4,1
342,-0.9275465787730462,1,0.1469491804436178,2,3,1,-0.020649161939735913,-0.2408572253028645,5,1
343,-0.22392694761579512,1,1.677669810064635,1,0,1,0.41389841158006074,-0.2408572253028645,0,1
344,0.12788286796283044,1,-1.3837714491773996,1,0,3,0.2402211595207619,-0.9046043153555399,1,1
345,0.6555975913307688,0,-1.3837714491773996,1,0,2,-0.6423428356377158,-0.4897623840726178,5,1
346,-1.103451486562359,1,0.1469491804436178,1,0,1,-0.8468566610218289,-0.6556991565857866,5,1
347,-1.103451486562359,0,-2.9144920787984168,2,3,1,0.17252247555479033,0.2569530922366421,5,1
348,-0.13597449372113873,1,-1.3837714491773996,1,1,2,-0.5416809181176324,-1.2364778603818776,0,1
349,-0.3118794015104515,1,0.1469491804436178,0,4,1,-0.7568280446482332,-0.9875727016121243,3,0
350,-1.103451486562359,0,0.1469491804436178,2,0,2,-0.7213837074932742,-0.9875727016121243,2,1
351,-0.5757367631944207,0,0.1469491804436178,1,0,1,-0.8195645214125105,-0.9875727016121243,4,0
352,0.21583532185748686,1,1.677669810064635,1,2,2,-0.014978067994942484,-0.2408572253028645,1,1
353,-0.6636892170890771,1,0.1469491804436178,2,0,0,1.037718745507338,-0.738667542842371,5,0
354,0.919454953014738,1,0.1469491804436178,0,3,2,-0.9017953836120153,-0.9046043153555399,3,1
355,-1.103451486562359,1,-1.3837714491773996,1,0,1,-0.7178392737777783,0.2569530922366421,1,0
356,1.1833123146987072,1,0.1469491804436178,1,2,2,-0.3332682156464738,-0.738667542842371,5,1
357,-0.8395941248783899,1,1.677669810064635,1,0,2,0.42240505249725085,1.2525737273156552,5,0
358,-0.6636892170890771,1,0.1469491804436178,1,0,2,-0.8844276584060854,-0.738667542842371,5,1
359,-1.103451486562359,0,0.1469491804436178,2,0,0,-0.3066849627802546,0.7547634097761486,4,0
360,2.238741761434584,1,0.1469491804436178,0,2,1,-0.7203203773786254,-0.2408572253028645,3,1
361,0.12788286796283044,1,1.677669810064635,1,2,3,0.04527730516848772,-0.738667542842371,5,1
362,0.03993041406817406,0,0.1469491804436178,1,0,3,-0.3630414588566393,-0.738667542842371,1,1
363,-1.279356394351672,1,0.1469491804436178,2,0,2,-0.5335287205719919,-1.2364778603818776,4,1
364,-0.9275465787730462,1,-2.9144920787984168,1,0,0,-0.28293725688643206,-0.2408572253028645,4,0
365,0.03993041406817406,1,0.1469491804436178,1,0,2,-0.6129240357990998,-0.738667542842371,0,1
366,-0.7516416709837335,1,0.1469491804436178,1,0,2,0.20513126573735255,-0.2408572253028645,1,1
367,-1.1914039404570154,0,0.1469491804436178,2,0,0,0.13424259142743467,-0.2408572253028645,4,1
368,0.5676451374361124,1,0.1469491804436178,1,0,0,0.06193614363131842,1.2525737273156552,4,0
369,0.3917402296467996,0,0.1469491804436178,2,0,1,-0.09579115670824888,-0.2408572253028645,4,1
370,0.03993041406817406,1,0.1469491804436178,1,2,2,-0.06814457372738089,1.2525737273156552,1,1
371,-0.22392694761579512,1,0.1469491804436178,1,0,2,0.991995550577441,-0.2408572253028645,5,1
372,-1.103451486562359,0,0.1469491804436178,2,0,2,-0.39884023938314783,-0.9046043153555399,4,1
373,2.4146466692238966,1,1.677669810064635,0,2,2,3.7162473043075854,3.2438149974736814,1,1
374,2.1507893075399274,0,1.677669810064635,0,1,1,4.0799062035174645,3.2438149974736814,7,0
375,0.12788286796283044,0,0.1469491804436178,2,0,0,1.564421595630028,2.2481943623946683,0,0
376,-0.13597449372113873,1,0.1469491804436178,1,0,2,-0.33716709273351925,-0.2408572253028645,5,1
377,0.03993041406817406,1,0.1469491804436178,0,2,2,-0.859616622397614,-1.1535094741252931,5,1
378,1.8869319458559584,1,1.677669810064635,0,0,1,3.9154444791184546,1.2525737273156552,1,0
379,1.4471696763826765,0,-1.3837714491773996,1,1,2,-1.0311672142276154,-1.2364778603818776,1,1
380,0.3037877757521432,1,0.1469491804436178,1,2,0,-0.3754469768608749,-0.07492045278969563,4,1
381,0.21583532185748686,0,1.677669810064635,0,0,1,3.4397814744989055,-0.2408572253028645,1,0
382,-0.9275465787730462,0,0.1469491804436178,2,2,2,-0.7047248690304435,0.09101631972347322,1,1
383,-0.8395941248783899,1,0.1469491804436178,1,0,3,-0.6880660305676128,-0.738667542842371,1,1
384,-0.8395941248783899,1,-1.3837714491773996,1,1,2,0.3547063685312793,0.7547634097761486,0,1
385,-0.9275465787730462,0,0.1469491804436178,1,0,2,-0.3662314492005856,-0.2408572253028645,5,1
386,-1.279356394351672,0,0.1469491804436178,2,2,2,-0.760372478363729,-0.2408572253028645,5,1
387,0.3917402296467996,1,1.677669810064635,1,0,1,1.4541897070781058,-0.2408572253028645,4,1
388,-0.7516416709837335,1,0.1469491804436178,1,3,1,-0.3350404325042217,-0.4897623840726178,0,1
389,-0.7516416709837335,0,0.1469491804436178,1,0,2,-0.6458872693532116,-0.9875727016121243,0,1
390,-0.4877843092997643,1,1.677669810064635,1,0,2,-0.514388778508314,-0.2408572253028645,1,1
391,-1.4552613021409846,0,-1.3837714491773996,2,4,1,-0.8110578804953203,-0.738667542842371,4,1
392,0.3037877757521432,1,1.677669810064635,0,0,0,-0.007889200563950694,1.2525737273156552,1,1
393,-0.3998318554051079,0,0.1469491804436178,1,0,0,-0.46583003660602024,-1.2364778603818776,5,1
394,-0.3998318554051079,1,1.677669810064635,1,0,2,-0.3066849627802546,-0.9875727016121243,4,1
395,-0.3118794015104515,1,0.1469491804436178,2,1,1,3.008778334694605,1.5014788860854085,3,1
396,1.7110270380666455,0,1.677669810064635,0,0,0,-0.2457207028737252,-0.738667542842371,4,1
397,0.919454953014738,1,0.1469491804436178,1,0,0,-0.32724267833013077,1.2525737273156552,4,1
398,0.919454953014738,1,0.1469491804436178,2,0,1,-0.7259914713234189,-0.738667542842371,1,0
399,0.6555975913307688,0,-1.3837714491773996,1,4,2,-0.6221395634593891,0.2569530922366421,5,1
400,0.3037877757521432,1,0.1469491804436178,1,0,2,-0.6373806284360215,-0.2408572253028645,5,1
401,-0.6636892170890771,1,0.1469491804436178,1,2,1,-0.49064107261449147,-0.2408572253028645,0,1
402,-0.7516416709837335,1,0.1469491804436178,1,0,2,1.9057505624322826,0.2569530922366421,0,0
403,-0.7516416709837335,1,-1.3837714491773996,1,0,2,-0.8752121307457961,-0.5727307703292022,1,1
404,0.6555975913307688,1,0.1469491804436178,1,2,1,-0.131944380606307,-0.2408572253028645,1,1
405,-1.1914039404570154,1,0.1469491804436178,1,0,1,-0.4367656801389539,0.2569530922366421,5,0
406,0.6555975913307688,1,0.1469491804436178,1,2,2,-0.3807636274341188,0.2569530922366421,1,1
407,-0.7516416709837335,1,0.1469491804436178,1,0,0,-0.7862468444868491,-0.4897623840726178,5,1
408,-0.8395941248783899,1,1.677669810064635,1,3,2,-0.012851407765644947,0.2569530922366421,5,1
409,-0.6636892170890771,1,0.1469491804436178,1,3,3,-0.8266533888435023,-0.738667542842371,1,0
410,-1.3673088482463283,0,0.1469491804436178,1,0,1,-0.46228560289052434,0.2569530922366421,5,1
411,-0.048022039826482336,1,1.677669810064635,1,0,2,1.4113020591206054,1.003668568545902,1,1
412,0.5676451374361124,1,1.677669810064635,1,0,2,-0.3470915071369078,-0.738667542842371,0,0
413,0.3917402296467996,1,-1.3837714491773996,2,3,2,-0.5934296503638724,-0.9046043153555399,1,1
414,-0.048022039826482336,0,0.1469491804436178,1,2,0,-0.6699894186185837,0.2569530922366421,1,0
415,-0.048022039826482336,1,0.1469491804436178,1,0,2,0.9111824618641347,1.2525737273156552,1,1
416,-0.22392694761579512,1,-1.3837714491773996,1,0,0,-0.2453662595021756,-0.738667542842371,1,0
417,-1.103451486562359,0,0.1469491804436178,2,2,0,1.8430140856680053,-0.2408572253028645,3,1
418,-0.3998318554051079,0,1.677669810064635,1,3,2,-0.17341425507760896,0.008047933466888799,1,1
419,-0.22392694761579512,0,0.1469491804436178,1,2,1,-0.7901457215738945,-0.2408572253028645,1,0
420,-1.3673088482463283,0,0.1469491804436178,2,4,2,-0.030219132971574827,-0.4897623840726178,1,1
421,-0.4877843092997643,1,0.1469491804436178,1,2,1,-0.4406645572259994,-0.738667542842371,1,1
422,1.0074074069093943,1,-1.3837714491773996,1,0,1,-0.8199189647840601,-0.738667542842371,1,1
423,-0.13597449372113873,1,1.677669810064635,1,1,2,-0.5955563105931699,0.008047933466888799,4,1
424,-0.9275465787730462,0,0.1469491804436178,1,2,1,-0.18050312250860073,-0.738667542842371,4,0
425,-1.279356394351672,1,0.1469491804436178,2,0,1,-0.17447758519225773,-0.2408572253028645,1,1
426,-0.5757367631944207,1,0.1469491804436178,1,0,2,-0.18723754656804295,0.5888266372629798,5,1
427,0.919454953014738,1,0.1469491804436178,1,4,2,-0.7522202808180884,-0.2408572253028645,5,1
428,-1.3673088482463283,1,0.1469491804436178,1,0,2,-0.6940915678839559,-0.9875727016121243,4,1
429,1.7110270380666455,0,-2.9144920787984168,0,0,0,-0.7376881025845553,-0.2408572253028645,6,0
430,3.382123662065117,1,-1.3837714491773996,1,0,2,0.0626450303744176,-1.319446246638462,0,1
431,-0.5757367631944207,1,1.677669810064635,1,0,1,2.8556587981851824,0.2569530922366421,7,0
432,0.03993041406817406,1,1.677669810064635,0,0,0,-0.49595772318773534,-1.2364778603818776,4,1
433,-0.22392694761579512,1,0.1469491804436178,1,0,2,-0.4300312560795117,0.2569530922366421,6,1
434,-0.9275465787730462,1,0.1469491804436178,1,0,0,-0.40238467309864373,-0.9875727016121243,4,1
435,-0.9275465787730462,1,0.1469491804436178,1,2,1,-0.633481751348976,-0.738667542842371,5,0
436,-1.103451486562359,1,-1.3837714491773996,2,3,2,-0.9255430895058377,-1.2364778603818776,6,1
437,0.12788286796283044,0,0.1469491804436178,1,4,2,-0.7033070955442452,0.2569530922366421,1,1
438,2.5905515770132093,1,-2.9144920787984168,1,0,0,0.04350508831073977,1.7503840448551617,6,1
439,-0.8395941248783899,0,-2.9144920787984168,1,0,3,-0.9436197014548667,-0.738667542842371,0,0
440,0.3037877757521432,1,1.677669810064635,1,0,2,-0.4917044027291403,-0.738667542842371,1,1
441,-0.4877843092997643,0,0.1469491804436178,1,0,0,-0.5852774528182318,-0.738667542842371,4,1
442,-0.5757367631944207,1,0.1469491804436178,1,0,1,-0.22764409092469615,-0.07492045278969563,7,1
443,0.479692683541456,1,-1.3837714491773996,1,0,2,-0.9046309305844119,-0.738667542842371,3,0
444,-0.4877843092997643,0,1.677669810064635,1,0,1,0.646767706688141,2.2481943623946683,4,0
445,0.479692683541456,0,-1.3837714491773996,2,2,2,-0.7185481605208774,-0.9875727016121243,3,1
446,-0.13597449372113873,0,0.1469491804436178,1,0,0,-0.506591024334223,1.2525737273156552,1,0
447,-0.048022039826482336,1,0.1469491804436178,1,0,1,-0.24642958961682437,-1.1535094741252931,5,1
448,1.7110270380666455,0,1.677669810064635,1,2,3,-0.6547483536419514,-0.738667542842371,4,1
449,2.238741761434584,1,0.1469491804436178,1,4,1,-0.6235573369455876,-0.4897623840726178,6,0
450,-0.4877843092997643,1,1.677669810064635,1,2,2,2.7585413143805946,1.2525737273156552,1,1
451,-0.5757367631944207,0,0.1469491804436178,1,0,2,-0.9758740482658794,-1.2364778603818776,5,1
452,-0.13597449372113873,1,0.1469491804436178,1,0,2,-0.18156645262324952,-0.738667542842371,4,1
453,-0.048022039826482336,1,1.677669810064635,1,0,2,-0.21311191269116297,0.2569530922366421,1,1
454,-0.3998318554051079,1,0.1469491804436178,1,0,0,0.5478780060258055,0.2569530922366421,1,0
455,-0.5757367631944207,0,1.677669810064635,1,0,2,-0.20992192234721666,0.2569530922366421,1,1
456,0.03993041406817406,1,0.1469491804436178,2,0,0,0.22462565117257996,-0.8216359290989554,1,1
457,-0.048022039826482336,1,0.1469491804436178,0,0,0,0.04066954133834306,-0.738667542842371,1,0
458,-0.7516416709837335,0,0.1469491804436178,1,0,0,-1.0379016382870576,-1.2364778603818776,2,1
459,-0.3118794015104515,1,0.1469491804436178,1,0,2,0.4688371341702471,-0.2408572253028645,5,1
460,0.12788286796283044,1,0.1469491804436178,1,0,0,0.12360929028094698,1.2525737273156552,4,1
461,0.03993041406817406,1,0.1469491804436178,1,0,0,-0.5494786722917233,-0.4897623840726178,1,1
462,-0.13597449372113873,0,1.677669810064635,2,0,1,-0.09012006276345544,-0.738667542842371,4,1
463,0.21583532185748686,1,0.1469491804436178,1,2,1,-0.8922254125801763,-0.738667542842371,3,1
464,-0.13597449372113873,1,0.1469491804436178,1,0,2,-0.46831114020686737,-0.2408572253028645,0,1
465,2.4146466692238966,1,0.1469491804436178,1,0,0,-0.12308329631756726,0.2569530922366421,1,1
466,-0.5757367631944207,0,-1.3837714491773996,2,0,0,-0.5714541613277979,0.2569530922366421,5,0
467,-0.3118794015104515,1,0.1469491804436178,1,2,2,1.4059854085473615,2.2481943623946683,5,1
468,-0.8395941248783899,0,0.1469491804436178,1,0,2,-0.17979423576550158,1.003668568545902,0,1
469,-0.048022039826482336,1,-1.3837714491773996,1,0,2,0.4989648207519622,0.2569530922366421,1,1
470,-1.1914039404570154,1,0.1469491804436178,2,1,1,-0.06353680989723623,0.2569530922366421,5,0
471,-1.103451486562359,0,0.1469491804436178,1,0,0,-1.0006850842743507,-1.2364778603818776,3,0
472,-0.6636892170890771,1,-1.3837714491773996,1,0,0,-0.9276697497351353,-0.9875727016121243,1,0
473,0.03993041406817406,1,1.677669810064635,1,2,2,-0.7206748207501751,-1.2364778603818776,3,1
474,-0.22392694761579512,1,0.1469491804436178,1,0,1,-0.7181937171493279,-0.2408572253028645,5,0
475,-0.8395941248783899,0,0.1469491804436178,2,0,0,-0.05573905572314527,-0.2408572253028645,4,0
476,-1.0154990326677027,1,0.1469491804436178,1,3,2,-0.2489106932176715,1.5014788860854085,1,1
477,-0.9275465787730462,1,0.1469491804436178,1,0,3,0.666616535494918,0.2569530922366421,5,1
478,0.3037877757521432,1,-1.3837714491773996,1,1,1,-0.7919179384316425,-0.738667542842371,0,1
479,0.7435500452254252,1,0.1469491804436178,1,0,0,-0.6356084115782735,-0.4897623840726178,4,1
480,-1.103451486562359,0,-1.3837714491773996,1,0,1,0.10695045181811628,-0.738667542842371,5,1
481,-0.8395941248783899,1,0.1469491804436178,1,0,1,-0.7337892254975098,0.2569530922366421,1,1
482,1.8869319458559584,0,0.1469491804436178,2,4,0,0.12431817702404616,0.7547634097761486,4,1
483,-0.4877843092997643,0,0.1469491804436178,1,4,2,-0.8192100780409609,-0.4897623840726178,4,1
484,0.7435500452254252,1,0.1469491804436178,1,3,2,-0.7472580736163943,-0.738667542842371,1,1
485,1.0074074069093943,1,1.677669810064635,1,0,1,-0.7309536785251132,-1.2364778603818776,1,0
486,1.4471696763826765,1,0.1469491804436178,1,0,2,-0.06885346047048008,-0.738667542842371,5,1
487,2.3266942153292405,0,0.1469491804436178,0,0,2,0.17216803218324073,0.2569530922366421,1,1
488,-0.048022039826482336,1,-1.3837714491773996,2,1,2,-0.6568750138712489,-0.9046043153555399,1,1
489,-0.8395941248783899,1,0.1469491804436178,2,0,2,0.08745606638288886,-1.2364778603818776,1,1
490,-0.8395941248783899,1,0.1469491804436178,1,0,2,-0.4739822341516608,-0.738667542842371,5,1
491,0.5676451374361124,0,1.677669810064635,0,0,1,1.788784249820918,0.5058582510063954,0,0
492,-0.7516416709837335,0,0.1469491804436178,1,1,2,-0.7210292641217246,-1.2364778603818776,5,1
493,0.21583532185748686,1,0.1469491804436178,1,2,1,-1.0290405539983178,-1.2364778603818776,5,1
494,0.3037877757521432,1,-1.3837714491773996,2,0,0,-0.407346880300338,-0.738667542842371,1,1
495,-1.3673088482463283,1,0.1469491804436178,1,2,0,-0.09756337356599681,0.2569530922366421,4,0
496,-0.5757367631944207,1,1.677669810064635,2,1,1,2.0425657038504244,1.2525737273156552,4,0
497,0.3917402296467996,1,0.1469491804436178,1,0,2,-0.5976829708224675,0.2569530922366421,4,1
498,-0.3118794015104515,1,-1.3837714491773996,1,0,1,-0.6983448883425509,-0.2408572253028645,5,1
499,-0.6636892170890771,1,0.1469491804436178,1,1,3,-0.6905471341684599,-1.2364778603818776,1,1
500,-0.7516416709837335,0,0.1469491804436178,1,0,0,-0.05254906537919896,0.2569530922366421,1,0
501,0.5676451374361124,1,0.1469491804436178,0,0,0,0.7874817251933279,1.2525737273156552,1,1
502,1.1833123146987072,1,0.1469491804436178,1,1,3,-0.760372478363729,-0.9875727016121243,5,1
503,0.21583532185748686,1,0.1469491804436178,1,1,1,-0.728472574924266,0.2569530922366421,5,0
504,-1.0154990326677027,0,0.1469491804436178,2,0,0,-0.7316625652682123,0.2569530922366421,1,0
505,-0.7516416709837335,1,-1.3837714491773996,1,2,2,-0.6955093413701542,-0.9046043153555399,1,0
506,0.03993041406817406,1,0.1469491804436178,1,3,3,-0.3229893578715357,-0.4897623840726178,1,1
507,-0.13597449372113873,1,1.677669810064635,1,1,1,1.2684613803861209,-0.4897623840726178,1,0
508,-0.6636892170890771,1,0.1469491804436178,1,0,2,-0.6586472307289969,0.2569530922366421,5,1
509,0.8315024991200816,1,1.677669810064635,1,1,2,1.8844839601393073,1.5014788860854085,1,1
510,-0.8395941248783899,1,0.1469491804436178,1,0,0,-0.8904531957224283,-0.738667542842371,1,0
511,-0.3118794015104515,1,1.677669810064635,0,0,2,0.5014459243528093,1.2525737273156552,1,1
512,-0.8395941248783899,1,0.1469491804436178,2,0,3,-0.20708637537481994,-0.4897623840726178,0,1
513,-1.3673088482463283,1,0.1469491804436178,2,0,1,-0.952126342372057,-0.738667542842371,5,1
514,1.6230745841719891,1,0.1469491804436178,1,2,2,-0.36020591188424256,0.2569530922366421,1,1
515,0.12788286796283044,0,0.1469491804436178,1,0,0,-0.9436197014548667,-1.2364778603818776,1,1
516,0.3917402296467996,1,-1.3837714491773996,1,0,0,-0.6770782860495755,-1.2364778603818776,1,1
517,-1.103451486562359,0,0.1469491804436178,2,0,2,1.366642194305357,1.2525737273156552,4,0
518,0.6555975913307688,1,0.1469491804436178,1,1,0,-0.7330803387544107,-1.2364778603818776,1,1
519,0.03993041406817406,1,0.1469491804436178,0,2,2,-0.9113653546438542,-1.2364778603818776,5,1
520,0.7435500452254252,1,0.1469491804436178,0,0,2,0.7924439323950222,0.2569530922366421,6,1
521,-1.0154990326677027,0,0.1469491804436178,1,0,0,-0.02880135948537647,-0.2408572253028645,5,0
522,1.5351221302773328,1,0.1469491804436178,0,0,0,1.3638066473329604,2.2481943623946683,4,0
523,-1.103451486562359,0,0.1469491804436178,1,1,2,0.07682276523640118,0.2569530922366421,1,1
524,-0.8395941248783899,0,-1.3837714491773996,1,0,1,-0.7649802421938737,-0.2408572253028645,5,1
525,-0.4877843092997643,1,0.1469491804436178,1,0,1,1.6640201830354626,0.42288986474981094,1,1
526,-0.3998318554051079,0,0.1469491804436178,1,1,2,-0.6164684695145958,-0.4897623840726178,3,1
527,0.5676451374361124,1,-1.3837714491773996,1,0,2,-0.6267473272895339,-1.4024146328950464,5,1
528,-0.3998318554051079,1,0.1469491804436178,2,0,0,-0.3435470734214119,1.2525737273156552,5,0
529,0.479692683541456,1,-1.3837714491773996,1,0,0,-0.9248342027627385,-1.2364778603818776,1,1
530,-0.3118794015104515,1,0.1469491804436178,1,0,1,-0.35382593119635,1.2525737273156552,3,1
531,-0.6636892170890771,0,0.1469491804436178,2,1,1,-0.22693520418159696,-0.4897623840726178,1,0
532,0.479692683541456,1,0.1469491804436178,2,0,2,-0.6267473272895339,-0.738667542842371,1,1
533,-0.8395941248783899,1,0.1469491804436178,1,1,2,-0.694800454627055,0.2569530922366421,5,1
534,-0.9275465787730462,1,0.1469491804436178,1,2,2,-0.058929046067091574,0.2569530922366421,5,1
535,-0.22392694761579512,1,0.1469491804436178,2,0,3,-0.33752153610506885,0.008047933466888799,3,0
536,3.4700761159597735,0,1.677669810064635,1,2,0,-0.6724705222194308,-1.2364778603818776,1,1
537,0.12788286796283044,0,0.1469491804436178,1,0,1,0.12077374330855027,-0.2408572253028645,4,1
538,0.5676451374361124,1,1.677669810064635,0,0,0,1.592068178610896,2.2481943623946683,1,0
539,0.8315024991200816,0,-1.3837714491773996,1,0,3,-0.07877787487386859,-0.2408572253028645,4,1
540,-1.103451486562359,1,0.1469491804436178,2,0,1,-0.6157595827714966,-0.738667542842371,5,0
541,2.1507893075399274,1,0.1469491804436178,0,0,2,-0.439246783739801,0.2569530922366421,1,1
542,-0.3998318554051079,1,0.1469491804436178,1,2,0,1.091239694611326,0.7547634097761486,4,0
543,-0.13597449372113873,1,-1.3837714491773996,1,0,3,-0.14434989861054262,-0.2408572253028645,4,0
544,2.238741761434584,1,-1.3837714491773996,1,0,2,-0.714649283433832,-0.738667542842371,1,1
545,0.6555975913307688,1,0.1469491804436178,0,0,0,-0.6870027004529641,0.2569530922366421,1,0
546,0.12788286796283044,0,0.1469491804436178,1,0,2,-0.4427912174552969,0.2569530922366421,1,1
547,-0.3118794015104515,1,0.1469491804436178,1,0,2,-0.609379602083604,0.2569530922366421,5,1
548,-1.0154990326677027,0,-1.3837714491773996,1,0,0,-0.9375941641385238,-0.738667542842371,5,0
549,-0.048022039826482336,1,0.1469491804436178,0,2,2,1.9801836704576965,2.2481943623946683,1,1
550,-1.103451486562359,0,0.1469491804436178,1,2,2,-0.8064501166651756,-0.738667542842371,6,1
551,0.8315024991200816,1,-1.3837714491773996,1,3,2,-0.5391998145167852,-1.2364778603818776,5,1
552,-0.13597449372113873,1,0.1469491804436178,1,0,0,1.3212734427470096,2.2481943623946683,5,0
553,-0.7516416709837335,1,0.1469491804436178,1,1,1,-0.45236118848713586,-0.738667542842371,1,1
554,2.7664564848025224,0,1.677669810064635,1,0,1,-0.734498112240609,-0.9875727016121243,3,1
555,-1.1914039404570154,1,0.1469491804436178,1,0,1,-0.6877115871960632,-0.738667542842371,5,0
556,-0.6636892170890771,0,0.1469491804436178,1,1,1,-0.35205371433860205,-0.2408572253028645,1,0
557,-0.5757367631944207,0,0.1469491804436178,1,2,2,0.6138044731340292,0.008047933466888799,1,0
558,-0.7516416709837335,1,0.1469491804436178,1,0,0,0.0995071410155749,0.2569530922366421,4,0
559,-0.3998318554051079,1,-1.3837714491773996,1,0,1,-0.4761088943809583,-0.2408572253028645,4,0
560,1.1833123146987072,1,0.1469491804436178,0,2,0,-0.10890556145558368,0.2569530922366421,1,1
561,-1.0154990326677027,1,-1.3837714491773996,2,0,0,-0.6115062623129015,0.2569530922366421,5,0
562,-0.5757367631944207,0,0.1469491804436178,1,0,3,-0.9173908919601972,-1.2364778603818776,5,1
563,0.12788286796283044,1,0.1469491804436178,0,2,1,3.2317232153992967,1.2525737273156552,1,0
564,0.12788286796283044,1,1.677669810064635,1,2,1,0.5106614520130986,0.2569530922366421,0,1
565,-1.103451486562359,0,0.1469491804436178,2,1,1,-0.6090251587120543,0.2569530922366421,5,1
566,0.03993041406817406,1,0.1469491804436178,1,0,0,-0.67317940896253,-0.738667542842371,1,0
567,-0.13597449372113873,1,0.1469491804436178,1,4,2,-0.2457207028737252,0.2569530922366421,5,1
568,0.479692683541456,1,0.1469491804436178,1,2,1,0.2508544606672496,2.2481943623946683,5,1
569,-0.3998318554051079,0,0.1469491804436178,1,0,0,1.2358525902035586,2.2481943623946683,5,0
570,-1.103451486562359,0,-1.3837714491773996,2,0,0,-0.013205851137194536,0.2569530922366421,4,0
571,0.21583532185748686,1,0.1469491804436178,1,0,2,0.9508801194776887,0.7547634097761486,5,1
572,-0.8395941248783899,0,1.677669810064635,2,2,2,0.7662151229003527,0.2569530922366421,1,1
573,-1.1914039404570154,0,-1.3837714491773996,1,0,0,-0.8737943572595976,-0.4897623840726178,0,1
574,-0.7516416709837335,1,-1.3837714491773996,1,0,1,-0.775967986711911,-0.9875727016121243,5,1
575,-1.0154990326677027,0,0.1469491804436178,1,0,2,-0.1712875948483114,-0.4897623840726178,4,1
576,-0.7516416709837335,0,0.1469491804436178,1,0,1,-0.12095663608826972,-0.738667542842371,5,1
577,-0.22392694761579512,0,0.1469491804436178,1,2,2,-0.47646333775250793,0.2569530922366421,3,1
578,-0.7516416709837335,1,0.1469491804436178,1,0,1,-0.15994540695872456,1.2525737273156552,1,0
579,-0.7516416709837335,1,-1.3837714491773996,1,0,2,-0.8273622755866015,0.2569530922366421,3,1
580,-0.4877843092997643,1,0.1469491804436178,1,0,1,-0.7851835143722004,-0.2408572253028645,1,0
581,1.1833123146987072,1,-1.3837714491773996,1,0,1,-0.05219462200764937,-0.738667542842371,1,1
582,-0.8395941248783899,0,0.1469491804436178,2,0,2,-0.6675083150177367,-0.9875727016121243,4,1
583,-0.22392694761579512,1,-1.3837714491773996,2,0,1,-0.31448271695434554,1.2525737273156552,6,0
584,1.4471696763826765,0,1.677669810064635,0,2,2,-0.4034480032132925,-0.738667542842371,1,1
585,-1.3673088482463283,0,0.1469491804436178,2,0,0,-0.4367656801389539,-0.2408572253028645,4,0
586,0.03993041406817406,1,0.1469491804436178,2,0,0,-0.16738871776126593,-0.9875727016121243,1,1
587,-1.279356394351672,1,-1.3837714491773996,1,0,0,-0.702598208801146,-0.738667542842371,4,1
588,1.0074074069093943,1,-1.3837714491773996,1,0,0,-0.7281181315527164,-0.2408572253028645,2,0
589,2.1507893075399274,1,0.1469491804436178,1,0,0,-0.3633959022281889,-0.738667542842371,4,0
590,1.9748843997506147,0,-1.3837714491773996,1,0,0,-1.023015016681975,-0.738667542842371,5,1
591,0.5676451374361124,0,0.1469491804436178,2,2,1,-0.4629944896336235,0.2569530922366421,1,1
592,0.03993041406817406,0,-1.3837714491773996,1,4,2,-0.6022907346526122,0.008047933466888799,0,1
593,-1.3673088482463283,0,-1.3837714491773996,2,0,1,-0.19609863085678267,0.2569530922366421,1,0
594,0.3917402296467996,1,1.677669810064635,1,2,0,-0.6781416161642243,0.2569530922366421,7,0
595,-0.3118794015104515,0,-1.3837714491773996,1,1,1,-0.829488935815899,-1.2364778603818776,1,0
596,-1.103451486562359,0,0.1469491804436178,2,0,0,-0.6483683729540588,0.2569530922366421,1,0
597,0.03993041406817406,1,-1.3837714491773996,1,0,1,0.343718624013242,0.2569530922366421,0,0
598,-0.3998318554051079,1,0.1469491804436178,1,0,2,-0.17589535867845607,-0.2408572253028645,1,0
599,-0.3118794015104515,1,0.1469491804436178,0,0,2,0.2097390295674972,0.2569530922366421,0,1
600,0.8315024991200816,0,0.1469491804436178,1,0,1,-0.33397710238957296,-1.1535094741252931,5,1
601,-0.4877843092997643,0,0.1469491804436178,1,0,1,-0.8340966996460436,-0.9875727016121243,4,0
602,-0.13597449372113873,0,-1.3837714491773996,0,0,1,-0.508363241191971,0.2569530922366421,3,0
603,-0.6636892170890771,0,1.677669810064635,1,0,2,0.027555136591008247,1.2525737273156552,4,0
604,-1.103451486562359,0,0.1469491804436178,1,0,3,-0.7075604160028403,-0.9046043153555399,4,1
605,-1.1914039404570154,1,0.1469491804436178,1,3,0,-0.15710985998632784,0.2569530922366421,4,1
606,3.382123662065117,1,1.677669810064635,1,0,2,0.444734984904875,0.2569530922366421,0,1
607,1.2712647685933636,0,0.1469491804436178,0,1,1,-0.2127574693196134,1.2525737273156552,5,0
608,-0.22392694761579512,1,0.1469491804436178,1,0,2,-0.43251235968035884,-0.2408572253028645,5,1
609,0.8315024991200816,1,0.1469491804436178,0,2,2,-0.6986993317141005,-0.4897623840726178,1,1
610,-1.1914039404570154,0,0.1469491804436178,1,1,0,-0.896833176410321,-0.738667542842371,2,0
611,1.0953598608040507,0,-1.3837714491773996,0,1,3,-0.7199659340070759,-0.9046043153555399,1,0
612,-0.5757367631944207,0,0.1469491804436178,1,4,0,0.030390683563404963,0.008047933466888799,5,1
613,-1.1914039404570154,0,0.1469491804436178,2,0,0,0.12786261073954205,0.2569530922366421,1,1
614,-1.1914039404570154,0,0.1469491804436178,1,0,2,-0.518642098966909,-0.2408572253028645,4,0
615,1.0953598608040507,1,1.677669810064635,1,2,1,3.166151191662623,2.2481943623946683,0,1
616,-0.7516416709837335,1,1.677669810064635,0,2,1,2.0861622385510237,3.2438149974736814,5,1
617,0.12788286796283044,1,0.1469491804436178,2,0,0,0.143458119087724,-1.2364778603818776,1,1
618,-1.279356394351672,0,0.1469491804436178,2,1,1,0.06016392677357048,0.7547634097761486,4,0
619,1.1833123146987072,1,-1.3837714491773996,1,0,2,-0.9326319569368295,-0.738667542842371,1,1
620,-0.7516416709837335,1,0.1469491804436178,1,0,1,0.13495147817053385,0.008047933466888799,0,1
621,-0.3118794015104515,1,0.1469491804436178,1,0,2,-0.6171773562576949,-0.2408572253028645,1,0
622,0.21583532185748686,1,0.1469491804436178,1,2,2,0.22781564151652628,2.2481943623946683,0,0
623,-1.1914039404570154,0,0.1469491804436178,2,0,0,-0.5009199303894296,-0.738667542842371,4,1
624,2.5905515770132093,1,0.1469491804436178,0,0,0,-0.23792294869963423,-0.2408572253028645,5,0
625,-0.048022039826482336,1,0.1469491804436178,1,2,2,-0.4580322824319293,-0.4897623840726178,5,1
626,0.479692683541456,1,0.1469491804436178,1,0,3,-0.4094735405296355,-1.2364778603818776,4,1
627,-0.5757367631944207,1,0.1469491804436178,1,1,1,-0.6501405898118068,-0.9875727016121243,1,0
628,0.03993041406817406,1,0.1469491804436178,1,3,2,0.27318439307487374,1.7503840448551617,4,1
629,2.502599123118553,1,-1.3837714491773996,1,2,2,0.19875128504945994,-0.9875727016121243,3,1
630,-0.6636892170890771,0,0.1469491804436178,1,0,0,0.13778702514293056,0.2569530922366421,5,1
631,0.7435500452254252,1,0.1469491804436178,1,0,0,-0.6090251587120543,-0.2408572253028645,4,0
632,-1.103451486562359,1,0.1469491804436178,1,2,1,-0.6476594862109596,-0.4897623840726178,5,1
633,-1.4552613021409846,0,0.1469491804436178,2,0,2,-0.4576778390603797,-0.9875727016121243,4,0
634,-0.9275465787730462,0,-1.3837714491773996,1,0,1,-0.6792049462788731,0.2569530922366421,1,0
635,1.0074074069093943,1,0.1469491804436178,1,0,2,-0.6657360981599887,-0.738667542842371,3,1
636,-0.6636892170890771,0,0.1469491804436178,1,3,2,-0.6717616354763317,0.2569530922366421,5,1
637,-1.279356394351672,1,0.1469491804436178,1,0,2,4.388626380137157,3.2438149974736814,5,1
638,-0.13597449372113873,0,0.1469491804436178,1,0,2,-0.6302917610050297,-0.738667542842371,5,1
639,-0.8395941248783899,1,0.1469491804436178,1,0,0,0.38944181894313906,1.7503840448551617,5,0
640,-0.7516416709837335,0,-2.9144920787984168,1,0,0,-0.8936431860663747,-0.2408572253028645,3,0
641,0.21583532185748686,1,-1.3837714491773996,1,0,1,-0.6958637847417037,-0.4897623840726178,6,1
642,0.3917402296467996,1,1.677669810064635,1,1,2,0.47911599194518517,-0.4897623840726178,3,0
643,-0.22392694761579512,1,0.1469491804436178,1,0,2,-0.5034010339902767,0.2569530922366421,5,1
644,-0.3118794015104515,1,1.677669810064635,1,0,0,-0.4931221762153386,-0.2408572253028645,5,1
645,-0.7516416709837335,1,0.1469491804436178,2,2,2,1.6689823902371568,1.2525737273156552,0,0
646,-0.3118794015104515,1,0.1469491804436178,1,0,0,0.4649382570832016,0.7547634097761486,4,1
647,-0.8395941248783899,0,0.1469491804436178,1,3,2,-0.6682172017608358,-0.738667542842371,1,0
648,0.21583532185748686,1,0.1469491804436178,0,0,3,-0.8238178418711055,0.2569530922366421,1,0
649,0.3917402296467996,1,-1.3837714491773996,2,0,0,-0.9170364485886475,-0.738667542842371,3,0
650,1.2712647685933636,1,1.677669810064635,0,0,0,1.4903429309761638,2.2481943623946683,3,1
651,0.12788286796283044,1,-1.3837714491773996,1,0,1,-0.47823555461025585,-0.738667542842371,4,0
652,0.8315024991200816,1,0.1469491804436178,1,0,0,-0.3431926300498623,0.2569530922366421,1,0
653,0.5676451374361124,1,1.677669810064635,1,1,1,1.7065533876214134,1.2525737273156552,1,0
654,-0.048022039826482336,1,0.1469491804436178,1,0,2,-0.3279515650732299,0.2569530922366421,1,1
655,-1.1914039404570154,1,0.1469491804436178,0,0,0,0.24872780043795206,-0.5727307703292022,1,1
656,0.479692683541456,1,-1.3837714491773996,1,0,1,-0.8447300007925314,-0.738667542842371,1,0
657,0.12788286796283044,1,0.1469491804436178,1,2,2,2.463644429251336,2.2481943623946683,5,1
658,-0.6636892170890771,0,0.1469491804436178,1,0,1,0.33662975658225025,0.7547634097761486,0,1
659,0.479692683541456,1,0.1469491804436178,1,0,1,1.0951385716983717,-0.2408572253028645,4,1
660,-1.103451486562359,1,0.1469491804436178,2,0,3,-0.6997626618287492,-0.738667542842371,5,1
661,-1.103451486562359,1,0.1469491804436178,1,2,0,-0.8404766803339363,-0.738667542842371,1,0
662,1.2712647685933636,1,0.1469491804436178,1,0,2,-0.3651681190859368,0.008047933466888799,4,1
663,-0.048022039826482336,1,1.677669810064635,1,0,1,-0.7873101746014979,-1.2364778603818776,4,1
664,1.2712647685933636,0,-1.3837714491773996,1,0,3,-0.7883735047161466,-1.2364778603818776,3,1
665,-0.7516416709837335,1,1.677669810064635,1,0,2,1.078479733235541,0.2569530922366421,7,1
666,-0.13597449372113873,1,0.1469491804436178,1,4,1,0.07965831220879789,0.7547634097761486,4,1
667,-0.7516416709837335,0,0.1469491804436178,1,0,2,0.1197104131939015,2.2481943623946683,0,1
668,0.6555975913307688,1,0.1469491804436178,2,0,0,0.5570935336860948,-0.738667542842371,1,0
669,1.0074074069093943,1,0.1469491804436178,1,0,3,-0.09012006276345544,0.7547634097761486,5,1
670,-0.7516416709837335,1,-1.3837714491773996,1,1,2,0.3075654001151839,0.2569530922366421,0,1
671,-0.3998318554051079,1,0.1469491804436178,1,1,2,0.8757381247091758,1.2525737273156552,0,1
672,0.5676451374361124,1,1.677669810064635,1,0,2,2.5146842747544773,3.2438149974736814,1,1
673,-1.0154990326677027,1,0.1469491804436178,1,3,2,-0.42223350190542075,-1.2364778603818776,1,1
674,0.479692683541456,1,-1.3837714491773996,1,3,2,-0.24501181613062603,0.008047933466888799,0,0
675,-0.8395941248783899,0,1.677669810064635,2,0,2,0.4461527583910734,0.7547634097761486,5,1
676,-0.22392694761579512,1,0.1469491804436178,1,0,2,0.6659076487518188,0.2569530922366421,4,1
677,-1.0154990326677027,1,0.1469491804436178,1,1,1,0.8236349490913861,4.239435632552695,5,0
678,2.502599123118553,1,-1.3837714491773996,2,0,0,-0.31448271695434554,0.2569530922366421,5,1
679,-0.8395941248783899,0,0.1469491804436178,1,0,2,-0.6444694958670133,-0.2408572253028645,5,1
680,1.798979491961302,0,0.1469491804436178,1,0,2,-0.6143418092852982,-1.2364778603818776,3,1
681,0.12788286796283044,1,0.1469491804436178,0,2,2,-0.35169927096705245,-0.738667542842371,5,1
682,-0.22392694761579512,1,0.1469491804436178,1,0,2,-0.6356084115782735,-0.4897623840726178,5,1
683,1.0074074069093943,1,0.1469491804436178,0,0,2,0.6492488102889881,0.2569530922366421,5,1
684,-0.3998318554051079,1,-1.3837714491773996,1,1,1,2.3342725986357364,1.2525737273156552,0,1
685,-0.13597449372113873,1,0.1469491804436178,0,2,2,1.1539761713756034,3.2438149974736814,1,1
686,-0.7516416709837335,1,0.1469491804436178,1,2,3,-0.6820404932512698,-0.9046043153555399,5,1
687,-0.4877843092997643,1,0.1469491804436178,0,1,1,-0.1450587853536418,1.2525737273156552,1,1
688,-0.048022039826482336,1,0.1469491804436178,1,1,2,-0.18369311285254705,-0.9875727016121243,5,1
689,-0.3998318554051079,1,0.1469491804436178,1,4,0,0.13459703479898424,-0.738667542842371,1,1
690,-0.9275465787730462,1,0.1469491804436178,1,0,0,-0.8138934274677171,-0.4897623840726178,4,1
691,-0.9275465787730462,0,-1.3837714491773996,1,1,1,-0.22693520418159696,-0.4897623840726178,6,1
692,-0.5757367631944207,1,0.1469491804436178,1,1,1,-0.13300771072095577,0.2569530922366421,5,1
693,0.7435500452254252,1,-1.3837714491773996,1,2,0,0.512079225499297,-1.2364778603818776,1,1
694,-0.6636892170890771,1,0.1469491804436178,1,0,2,-0.34992705410930447,0.2569530922366421,5,1
695,1.2712647685933636,1,0.1469491804436178,2,3,2,-0.7213837074932742,-1.2364778603818776,1,1
696,-0.5757367631944207,1,0.1469491804436178,1,0,1,-0.7685246759093696,-0.738667542842371,5,1
697,0.21583532185748686,0,-2.9144920787984168,1,0,2,-0.831261152673647,-0.738667542842371,1,1
698,-1.0154990326677027,1,0.1469491804436178,1,0,2,-0.5214776459393058,-0.2408572253028645,5,1
699,0.3917402296467996,1,1.677669810064635,2,0,3,-0.4842610919265989,-0.4897623840726178,3,1
700,-0.5757367631944207,0,-1.3837714491773996,2,3,2,-0.7614358084783778,-0.738667542842371,4,0
701,0.919454953014738,1,0.1469491804436178,0,0,0,1.0845052705518838,2.2481943623946683,1,0
702,1.0074074069093943,0,0.1469491804436178,0,1,3,-0.6714071921047821,0.2569530922366421,5,1
703,0.479692683541456,1,0.1469491804436178,1,1,1,-0.2723039557399444,0.7547634097761486,0,1
704,-0.3118794015104515,0,0.1469491804436178,1,0,1,-0.26344287145120465,0.5058582510063954,0,1
705,-0.048022039826482336,0,0.1469491804436178,0,3,2,0.7275807954014474,-0.4897623840726178,1,1
706,-1.0154990326677027,1,0.1469491804436178,1,1,1,1.16567280263674,2.2481943623946683,1,0
707,-0.9275465787730462,0,0.1469491804436178,2,0,1,-0.10713334459783573,-0.738667542842371,4,0
708,-0.9275465787730462,0,0.1469491804436178,1,0,1,-0.7320170086397619,-0.9875727016121243,5,1
709,0.12788286796283044,1,-1.3837714491773996,1,0,1,-0.4087646537865363,-0.9875727016121243,5,1
710,-0.3118794015104515,1,1.677669810064635,1,3,2,-0.9365308340238749,-0.2408572253028645,5,1
711,-0.048022039826482336,0,0.1469491804436178,0,0,0,-0.7348525556121586,-1.2364778603818776,3,0
712,0.919454953014738,1,1.677669810064635,1,2,2,-0.2818739267717833,0.008047933466888799,1,1
713,-0.9275465787730462,1,-1.3837714491773996,1,0,0,-0.756119157905134,-0.9875727016121243,5,1
714,-0.7516416709837335,1,1.677669810064635,1,0,1,3.812301457997524,3.2438149974736814,1,0
715,2.4146466692238966,1,0.1469491804436178,1,2,2,1.5328761355621146,0.7547634097761486,1,1
716,0.3917402296467996,1,0.1469491804436178,1,2,2,-0.06885346047048008,0.7547634097761486,5,1
717,-0.3118794015104515,1,1.677669810064635,0,0,2,-0.6260384405464346,-0.2408572253028645,5,1
718,-0.3998318554051079,1,0.1469491804436178,1,2,3,-0.043687981090459224,0.2569530922366421,5,1
719,-0.3998318554051079,1,0.1469491804436178,1,1,1,1.019642133558309,-0.07492045278969563,1,1
720,-0.13597449372113873,1,1.677669810064635,1,0,3,-0.6855849269667657,-0.9875727016121243,5,0
721,-1.0154990326677027,0,0.1469491804436178,2,4,1,-1.0060017348475945,-1.2364778603818776,3,0
722,-1.0154990326677027,0,-1.3837714491773996,1,0,0,-0.7242192544656709,-0.738667542842371,1,0
723,2.678504030907866,0,-1.3837714491773996,1,3,1,-0.8794654512043911,-0.9875727016121243,5,1
724,-1.279356394351672,0,0.1469491804436178,2,0,2,-0.2485562498461219,0.5058582510063954,1,0
725,0.479692683541456,0,-1.3837714491773996,1,4,2,-1.0708648718411693,-1.2364778603818776,1,1
726,1.0074074069093943,1,-1.3837714491773996,1,3,2,-0.6930282377693071,-0.4897623840726178,5,1
727,-0.9275465787730462,0,0.1469491804436178,2,0,0,-0.49241328947223945,-0.2408572253028645,5,0
728,2.0628368536452713,0,0.1469491804436178,2,0,1,1.1146329571335991,2.2481943623946683,0,0
729,0.03993041406817406,1,0.1469491804436178,1,4,3,-0.7075604160028403,0.2569530922366421,0,1
730,-0.22392694761579512,1,0.1469491804436178,1,0,1,1.1100251933034544,0.2569530922366421,5,1
731,-1.279356394351672,1,-1.3837714491773996,2,0,0,-0.45519673545953254,0.2569530922366421,5,0
732,0.7435500452254252,0,-1.3837714491773996,1,0,1,-0.8900987523508788,-1.0705410878687087,5,1
733,-0.6636892170890771,0,0.1469491804436178,2,4,2,-0.23685961858498547,0.2569530922366421,1,1
734,0.12788286796283044,0,0.1469491804436178,1,0,2,0.038542881109045524,-1.4024146328950464,1,1
735,-0.5757367631944207,0,-2.9144920787984168,1,2,1,0.2547533377542951,1.2525737273156552,2,1
736,-1.103451486562359,0,1.677669810064635,2,0,1,2.937889660384687,0.2569530922366421,1,0
737,-0.048022039826482336,1,-1.3837714491773996,1,1,0,0.39298625265863496,-0.2408572253028645,1,1
738,0.8315024991200816,1,1.677669810064635,1,0,2,1.2369159203182074,-1.2364778603818776,1,1
739,-0.8395941248783899,0,-1.3837714491773996,2,1,1,0.357541915503676,0.7547634097761486,0,0
740,-0.3118794015104515,1,0.1469491804436178,1,1,0,-0.3353948758757713,0.2569530922366421,1,1
741,-1.103451486562359,1,-1.3837714491773996,1,0,1,-0.788019061344597,-0.9046043153555399,5,1
742,0.479692683541456,1,0.1469491804436178,1,2,2,-0.039434660631864155,0.008047933466888799,5,1
743,-1.1914039404570154,1,0.1469491804436178,1,3,0,-0.2793928231709362,0.2569530922366421,4,1
744,-0.4877843092997643,1,1.677669810064635,1,2,0,3.8661768504730616,1.5014788860854085,4,1
745,-0.6636892170890771,1,-1.3837714491773996,1,0,0,-0.5225409760539546,-0.6556991565857866,0,1
746,-1.103451486562359,0,0.1469491804436178,2,0,0,-0.2694684087675477,-0.4897623840726178,1,1
747,0.12788286796283044,0,-1.3837714491773996,1,0,0,-0.7079148593743898,-0.738667542842371,1,0
748,-0.8395941248783899,1,0.1469491804436178,1,2,2,0.7006430991636786,0.008047933466888799,1,1
749,-0.22392694761579512,1,0.1469491804436178,1,0,2,-0.08586674230486037,-0.4897623840726178,1,1
750,1.1833123146987072,0,0.1469491804436178,1,0,0,-1.0077739517053426,-1.2364778603818776,4,1
751,-1.103451486562359,0,-1.3837714491773996,1,0,0,-0.8135389840961674,-0.2408572253028645,1,0
752,-1.103451486562359,0,-1.3837714491773996,2,1,1,-0.861388839255362,-0.738667542842371,0,1
753,-0.9275465787730462,0,0.1469491804436178,1,0,2,0.8860169824841139,0.7547634097761486,5,1
754,1.7110270380666455,1,0.1469491804436178,0,4,2,-0.6083162719689552,-0.738667542842371,6,0
755,-0.3118794015104515,0,0.1469491804436178,2,2,0,-0.7040159822873443,0.2569530922366421,1,0
756,3.382123662065117,1,-2.9144920787984168,1,0,3,-0.69905377508565,-1.2364778603818776,1,1
757,0.3037877757521432,1,0.1469491804436178,0,2,3,-0.7089781894890386,-0.4897623840726178,5,0
758,-0.3998318554051079,1,0.1469491804436178,1,0,2,-0.6657360981599887,0.2569530922366421,1,1
759,-0.048022039826482336,1,0.1469491804436178,1,0,0,-0.9145553449878004,-0.738667542842371,1,0
760,2.0628368536452713,0,0.1469491804436178,1,2,2,0.6286910947391119,-0.4897623840726178,1,1
761,-1.0154990326677027,0,0.1469491804436178,2,0,0,-0.4066379935572388,-0.2408572253028645,4,0
762,-1.0154990326677027,1,-1.3837714491773996,1,0,0,-0.37473809011777576,-0.738667542842371,5,1
763,-0.4877843092997643,1,1.677669810064635,0,2,2,3.3348662365202273,0.008047933466888799,1,0
764,-0.7516416709837335,1,0.1469491804436178,1,1,2,-0.28648169060192796,0.2569530922366421,1,1
765,0.3917402296467996,1,-1.3837714491773996,1,0,1,-0.7500936205887909,-0.738667542842371,5,1
766,-0.3998318554051079,1,-1.3837714491773996,1,0,0,-0.0578657159524428,0.7547634097761486,4,0
767,-0.3998318554051079,0,0.1469491804436178,2,2,2,-0.13123549386320782,-0.9046043153555399,1,1
768,-0.6636892170890771,1,0.1469491804436178,2,0,1,0.12254596016629822,-0.738667542842371,4,1
769,2.4146466692238966,1,-1.3837714491773996,1,0,2,-0.5728719348139962,-0.738667542842371,5,1
770,-0.8395941248783899,0,0.1469491804436178,2,2,0,-0.16278095393112127,0.2569530922366421,1,1
771,-0.9275465787730462,0,1.677669810064635,1,0,0,1.699110076818872,1.2525737273156552,3,0
772,0.03993041406817406,1,1.677669810064635,1,0,2,0.0013263270963386306,0.008047933466888799,1,1
773,1.4471696763826765,1,0.1469491804436178,1,1,2,-0.37154809977382947,0.2569530922366421,5,1
774,2.678504030907866,1,-2.9144920787984168,0,3,3,-0.6348995248351744,-0.738667542842371,1,1
775,-0.9275465787730462,0,0.1469491804436178,2,2,0,-0.6735338523340796,0.2569530922366421,1,0
776,0.12788286796283044,1,0.1469491804436178,1,0,2,0.09348160369923188,1.2525737273156552,1,1
777,-0.9275465787730462,0,0.1469491804436178,1,0,0,0.08426607603894255,-0.2408572253028645,5,1
778,0.21583532185748686,1,1.677669810064635,1,4,2,0.8647503801911385,1.2525737273156552,1,1
779,2.7664564848025224,0,0.1469491804436178,1,0,1,0.21292901991144353,-0.2408572253028645,6,1
780,-0.9275465787730462,1,0.1469491804436178,1,0,1,0.5889934371255579,1.5014788860854085,5,0
781,2.1507893075399274,1,0.1469491804436178,1,4,2,-0.47185557392236327,0.2569530922366421,1,1
782,-0.3998318554051079,1,-1.3837714491773996,1,0,1,-0.6597105608436457,-0.738667542842371,3,1
783,-1.103451486562359,0,-1.3837714491773996,1,1,1,-0.86316105611311,-0.738667542842371,1,0
784,2.1507893075399274,1,1.677669810064635,1,2,1,1.1330640124541778,-0.07492045278969563,1,1
785,-0.048022039826482336,1,-1.3837714491773996,1,4,1,-0.47150113055081366,-0.2408572253028645,0,1
786,0.3917402296467996,1,0.1469491804436178,1,3,2,-0.21133969583341503,0.09101631972347322,5,1
787,0.21583532185748686,1,0.1469491804436178,1,2,2,-0.18440199959564624,2.2481943623946683,1,1
788,1.2712647685933636,1,0.1469491804436178,0,0,1,1.0465798297960778,2.2481943623946683,3,0
789,-0.7516416709837335,1,0.1469491804436178,1,0,0,0.9664756278258706,1.584447272341993,3,0
790,0.3037877757521432,0,0.1469491804436178,1,0,1,-0.7383969893276545,0.008047933466888799,0,0
791,0.479692683541456,1,1.677669810064635,1,2,2,1.0781252898639913,0.2569530922366421,1,1
792,-0.7516416709837335,1,0.1469491804436178,1,2,2,-0.726700358066518,-1.2364778603818776,4,1
793,1.35921722248802,1,0.1469491804436178,0,0,3,-0.1344254842071541,0.2569530922366421,4,1
794,-0.3118794015104515,1,0.1469491804436178,2,3,2,-0.07417011104372391,0.2569530922366421,4,1
795,-1.1914039404570154,0,0.1469491804436178,2,1,2,-0.3439015167929615,-0.9875727016121243,4,1
796,1.35921722248802,1,0.1469491804436178,0,2,0,1.5027484489803995,-0.2408572253028645,1,0
797,-1.1914039404570154,0,-1.3837714491773996,2,0,2,-0.7135859533191833,-0.738667542842371,4,1
798,1.6230745841719891,1,0.1469491804436178,1,2,2,-0.9053398173275111,0.2569530922366421,1,1
799,-0.048022039826482336,1,-2.9144920787984168,1,2,1,-0.6104429321982527,-0.9875727016121243,1,1
800,1.6230745841719891,1,0.1469491804436178,0,0,2,-0.5934296503638724,0.2569530922366421,3,1
801,1.0953598608040507,0,-1.3837714491773996,2,0,1,-0.5232498627970538,-0.2408572253028645,5,1
802,-1.0154990326677027,0,0.1469491804436178,1,0,0,0.3547063685312793,-0.07492045278969563,4,1
803,-0.048022039826482336,1,0.1469491804436178,1,2,2,-0.8135389840961674,-0.738667542842371,5,1
804,-1.0154990326677027,0,-2.9144920787984168,2,2,1,1.4889251574899653,-0.738667542842371,1,1
805,-1.0154990326677027,1,0.1469491804436178,1,0,0,2.1265687829076767,1.2525737273156552,1,0
806,-0.8395941248783899,1,-1.3837714491773996,1,0,1,-0.950354125514309,-1.2364778603818776,5,1
807,2.5905515770132093,1,0.1469491804436178,1,2,2,-0.8298433791874485,-0.738667542842371,5,1
808,1.7110270380666455,1,1.677669810064635,0,0,1,2.1308221033662718,1.7503840448551617,1,1
809,-0.8395941248783899,0,-2.9144920787984168,2,0,1,-0.5292754001133967,-0.4897623840726178,1,0
810,-0.8395941248783899,1,0.1469491804436178,1,0,1,-0.8379955767330891,-1.0705410878687087,0,1
811,-0.6636892170890771,1,-1.3837714491773996,1,0,1,-0.9879251228985655,-1.2364778603818776,5,1
812,-1.0154990326677027,1,0.1469491804436178,1,0,0,2.25345950992243,1.2525737273156552,1,0
813,1.6230745841719891,1,0.1469491804436178,1,0,0,-0.0780689881307694,2.2481943623946683,2,0
814,0.919454953014738,1,0.1469491804436178,0,0,0,0.23384117883286928,2.2481943623946683,1,0
815,1.6230745841719891,0,0.1469491804436178,2,0,1,1.474747422627982,1.2525737273156552,1,1
816,2.3266942153292405,1,0.1469491804436178,1,3,2,-0.6852304835952161,-1.2364778603818776,2,1
817,-1.0154990326677027,0,0.1469491804436178,2,0,2,-0.6086707153405048,-1.2364778603818776,5,1
818,0.6555975913307688,1,1.677669810064635,1,0,0,4.460932827933273,1.2525737273156552,7,1
819,-0.8395941248783899,1,0.1469491804436178,1,0,0,-0.6827493799943689,-0.2408572253028645,5,0
820,-0.7516416709837335,1,0.1469491804436178,1,0,2,-0.7692335626524688,-0.738667542842371,1,1
821,-1.0154990326677027,1,0.1469491804436178,1,0,3,-0.09047450613500503,-0.738667542842371,5,1
822,0.479692683541456,1,0.1469491804436178,1,0,0,-0.19822529108608022,1.2525737273156552,4,0
823,1.0074074069093943,1,-1.3837714491773996,1,0,0,-0.9003776101258169,-1.0705410878687087,1,1
824,-0.048022039826482336,1,1.677669810064635,1,0,2,0.1803202297288813,-0.2408572253028645,4,1
825,-0.4877843092997643,1,0.1469491804436178,1,0,0,-0.5916574335061244,0.008047933466888799,1,1
826,-0.22392694761579512,0,0.1469491804436178,2,0,0,0.24624669683710493,-0.2408572253028645,1,0
827,0.03993041406817406,1,0.1469491804436178,1,0,2,0.31678092777547323,-0.2408572253028645,0,0
828,1.0074074069093943,1,0.1469491804436178,0,2,0,1.794809787137261,1.2525737273156552,1,0
829,0.21583532185748686,1,0.1469491804436178,0,2,1,1.2085604505942402,2.2481943623946683,0,1
830,0.7435500452254252,1,0.1469491804436178,1,3,2,-0.31767270729829183,0.2569530922366421,0,1
831,-1.103451486562359,0,0.1469491804436178,2,0,0,-0.728472574924266,-0.2408572253028645,1,0
832,-0.5757367631944207,1,0.1469491804436178,2,0,0,3.028627163501382,1.999289203624915,0,0
833,0.5676451374361124,0,0.1469491804436178,1,2,1,0.6425143862295459,0.2569530922366421,5,1
834,-0.9275465787730462,0,-1.3837714491773996,1,0,3,-0.33468598913267217,-0.4897623840726178,5,0
835,1.0953598608040507,1,0.1469491804436178,1,0,0,-0.775967986711911,-0.738667542842371,1,0
836,-1.279356394351672,0,0.1469491804436178,1,2,2,-0.8454388875356305,-0.738667542842371,5,1
837,-1.103451486562359,0,-1.3837714491773996,2,0,2,-0.9464552484272635,-1.4024146328950464,4,1
838,2.4146466692238966,1,0.1469491804436178,1,0,0,-0.1113866650564308,0.2569530922366421,1,1
839,0.919454953014738,1,0.1469491804436178,1,0,2,-0.23402407161258876,0.2569530922366421,5,1
840,-0.5757367631944207,1,0.1469491804436178,1,0,0,0.6761865065267569,1.2525737273156552,4,0
841,-0.6636892170890771,1,-1.3837714491773996,1,0,2,-0.09862670368064559,0.008047933466888799,1,1
842,-1.103451486562359,0,0.1469491804436178,1,0,2,-0.4707922438077145,-0.2408572253028645,6,0
843,1.2712647685933636,1,0.1469491804436178,1,0,2,-0.6068984984827568,0.2569530922366421,0,1
844,1.0074074069093943,1,0.1469491804436178,1,0,2,0.053429502714128274,-0.2408572253028645,4,1
845,-0.048022039826482336,1,0.1469491804436178,1,2,1,0.24979113055260083,0.008047933466888799,4,1
846,2.8544089386971785,1,0.1469491804436178,2,2,2,1.2369159203182074,-0.2408572253028645,1,0
847,-0.6636892170890771,1,0.1469491804436178,1,0,2,-0.7167759436631296,0.2569530922366421,1,1
848,2.0628368536452713,1,0.1469491804436178,1,0,0,-0.6760149559349268,-0.9875727016121243,5,1
849,1.8869319458559584,1,-1.3837714491773996,1,0,0,-0.9081753642999079,-0.738667542842371,5,0
850,-0.22392694761579512,1,0.1469491804436178,2,0,0,-0.36729477931523435,-0.07492045278969563,1,0
851,0.6555975913307688,1,0.1469491804436178,1,2,2,0.27318439307487374,0.2569530922366421,1,1
852,-0.048022039826482336,1,0.1469491804436178,0,0,2,-0.6380895151791207,-0.4897623840726178,5,1
853,-0.3118794015104515,1,-1.3837714491773996,0,0,0,-0.6483683729540588,-0.2408572253028645,1,0
854,0.8315024991200816,1,0.1469491804436178,1,0,2,2.695095950873218,1.2525737273156552,1,1
855,-0.22392694761579512,1,0.1469491804436178,1,1,2,-0.637026185064472,0.2569530922366421,1,1
856,0.3917402296467996,0,0.1469491804436178,1,2,2,-0.8426033405632338,-0.9046043153555399,3,1
857,-0.6636892170890771,1,0.1469491804436178,0,0,2,0.025428476361710712,-0.4897623840726178,4,1
858,-0.5757367631944207,0,0.1469491804436178,1,0,0,0.2437655932362578,-0.4897623840726178,1,0
859,-0.8395941248783899,1,0.1469491804436178,2,1,2,0.10836822530431464,-0.9875727016121243,1,1
860,-0.7516416709837335,1,0.1469491804436178,1,4,2,0.8977136137452503,0.2569530922366421,1,1
861,-0.6636892170890771,1,0.1469491804436178,1,0,2,-0.39068804183750727,-0.2408572253028645,0,0
862,-0.048022039826482336,0,0.1469491804436178,1,0,0,-0.29498833151911813,0.2569530922366421,5,0
863,-0.3118794015104515,1,-1.3837714491773996,1,4,2,0.444734984904875,0.5058582510063954,4,1
864,-0.9275465787730462,1,-1.3837714491773996,2,0,2,-0.3761558636039741,-0.9046043153555399,4,0
865,-1.3673088482463283,0,0.1469491804436178,2,3,2,-0.3722569865169286,-0.4897623840726178,4,1
866,-0.7516416709837335,0,0.1469491804436178,1,0,0,-0.3127105000965976,-0.2408572253028645,5,1
867,0.5676451374361124,1,0.1469491804436178,1,0,2,0.02117515590311564,-0.738667542842371,4,1
868,0.12788286796283044,1,0.1469491804436178,1,2,2,1.4665952250823413,1.2525737273156552,0,1
869,-1.0154990326677027,0,0.1469491804436178,2,0,0,-0.9283786364782345,-0.738667542842371,4,1
870,0.3917402296467996,0,0.1469491804436178,1,3,2,1.5619404920291808,1.2525737273156552,4,1
871,0.919454953014738,1,0.1469491804436178,1,0,3,-0.6834582667374681,-1.2364778603818776,1,1
872,-0.8395941248783899,1,0.1469491804436178,1,1,0,-0.6696349752470342,0.2569530922366421,0,1
873,-1.0154990326677027,0,0.1469491804436178,1,2,2,-0.8496922079942256,-0.4897623840726178,2,1
874,-0.5757367631944207,1,-1.3837714491773996,1,0,0,0.1129759891344593,-0.738667542842371,4,1
875,0.3917402296467996,0,0.1469491804436178,1,4,1,-0.6909015775400095,-0.8216359290989554,1,1
876,0.03993041406817406,1,1.677669810064635,0,0,0,-0.47185557392236327,-0.2408572253028645,5,1
877,-0.6636892170890771,1,0.1469491804436178,1,0,2,0.11474820599220725,1.2525737273156552,5,1
878,-0.7516416709837335,1,1.677669810064635,0,0,0,-0.6554572403850506,-0.9875727016121243,1,0
879,0.03993041406817406,1,0.1469491804436178,1,2,2,1.2301814962587652,0.7547634097761486,5,1
880,0.21583532185748686,1,1.677669810064635,1,0,2,1.610144790559925,0.2569530922366421,1,1
881,1.0953598608040507,1,0.1469491804436178,0,2,2,2.1286954431369742,0.2569530922366421,1,1
882,0.03993041406817406,1,0.1469491804436178,1,2,1,-0.3864347213789122,0.7547634097761486,1,1
883,2.5905515770132093,0,-2.9144920787984168,1,0,2,-0.7702968927671175,-0.2408572253028645,5,1
884,0.6555975913307688,1,0.1469491804436178,1,0,1,0.27850104364811756,0.2569530922366421,4,0
885,1.5351221302773328,0,0.1469491804436178,1,0,0,-0.8776932343466431,-0.738667542842371,3,0
886,-0.13597449372113873,1,0.1469491804436178,1,2,1,-0.1581731901009766,0.2569530922366421,0,1
887,-1.103451486562359,1,0.1469491804436178,1,0,1,4.395360804196598,2.2481943623946683,0,0
888,-0.13597449372113873,1,1.677669810064635,1,0,2,1.1848127447004178,1.2525737273156552,1,1
889,0.3917402296467996,1,0.1469491804436178,2,2,2,1.6136892242754208,0.5888266372629798,1,1
890,0.6555975913307688,1,1.677669810064635,1,0,0,-0.29392500140446937,0.5058582510063954,0,1
891,0.919454953014738,1,0.1469491804436178,1,0,2,-0.5111987881643677,-0.4897623840726178,5,1
892,0.21583532185748686,1,-1.3837714491773996,1,0,0,-0.3899791550944081,-0.738667542842371,1,1
893,-0.13597449372113873,1,0.1469491804436178,1,0,1,0.896295840259052,1.2525737273156552,1,1
894,-0.5757367631944207,1,0.1469491804436178,1,2,2,-0.7451314133870967,-0.2408572253028645,5,1
895,-0.3998318554051079,1,1.677669810064635,1,2,2,2.0117291305256098,1.2525737273156552,1,1
896,-0.6636892170890771,0,1.677669810064635,2,0,0,-0.2357962884703367,0.008047933466888799,5,1
897,-0.048022039826482336,0,0.1469491804436178,1,4,2,-0.5952018672216204,-0.738667542842371,4,1
898,-0.22392694761579512,0,-1.3837714491773996,2,2,2,-0.38466250452116424,-0.4897623840726178,4,1
899,0.5676451374361124,1,0.1469491804436178,1,0,0,0.3125276073168781,-0.2408572253028645,4,0
900,0.6555975913307688,1,0.1469491804436178,2,0,0,-0.2290618644108945,-0.4067939978160333,1,0
901,0.7435500452254252,1,0.1469491804436178,1,2,2,0.07575943512175241,-0.07492045278969563,1,1
902,0.5676451374361124,1,0.1469491804436178,0,2,2,2.5540274889964816,1.2525737273156552,1,1
903,0.3917402296467996,1,0.1469491804436178,2,2,2,-0.6682172017608358,-0.4897623840726178,5,1
904,0.03993041406817406,1,1.677669810064635,1,0,2,-0.7064970858881915,0.2569530922366421,5,1
905,-1.3673088482463283,1,1.677669810064635,2,0,0,-0.7671069024231713,-0.738667542842371,5,1
906,-1.0154990326677027,1,-1.3837714491773996,1,2,0,0.17429469241253828,0.008047933466888799,1,1
907,-0.7516416709837335,1,0.1469491804436178,1,2,1,0.15586363709195963,1.2525737273156552,3,1
908,0.919454953014738,0,-1.3837714491773996,1,0,2,0.11439376262065766,-0.4897623840726178,1,1
909,-0.22392694761579512,0,-1.3837714491773996,1,2,1,-0.027029142627628525,-0.9875727016121243,1,1
910,-0.13597449372113873,0,0.1469491804436178,1,0,2,0.41921506215330456,1.2525737273156552,5,1
911,-0.9275465787730462,0,-1.3837714491773996,1,0,1,0.5191680929302888,0.2569530922366421,4,0
912,-0.9275465787730462,0,0.1469491804436178,1,2,1,-0.09933559042374476,0.7547634097761486,5,1
913,-0.6636892170890771,1,0.1469491804436178,1,4,2,-0.4002580128693462,-0.8216359290989554,0,1
914,-0.3998318554051079,1,0.1469491804436178,2,0,0,-0.03908021726031456,0.2569530922366421,0,0
915,-0.3118794015104515,0,1.677669810064635,1,0,1,5.370788962701069,2.2481943623946683,7,0
916,-0.3118794015104515,1,0.1469491804436178,1,1,2,-0.15002099255533605,-0.9046043153555399,1,1
917,2.8544089386971785,1,1.677669810064635,1,0,0,4.1203127478741175,-1.2364778603818776,1,0
918,-0.22392694761579512,1,0.1469491804436178,1,1,0,-0.32334380124308526,0.2569530922366421,4,0
919,0.3037877757521432,1,1.677669810064635,2,0,0,0.02613736310480989,0.2569530922366421,4,0
920,-0.6636892170890771,0,0.1469491804436178,1,0,2,-0.5154521086229628,-0.2408572253028645,4,1
921,0.12788286796283044,1,1.677669810064635,1,3,2,3.359322829157149,2.2481943623946683,5,1
922,-1.1914039404570154,0,0.1469491804436178,2,0,0,-0.6753060691918276,-0.9875727016121243,5,0
923,-0.4877843092997643,1,0.1469491804436178,2,0,1,-0.4498800848862887,-0.738667542842371,1,1
924,1.7110270380666455,1,0.1469491804436178,1,0,0,1.276259134560212,0.2569530922366421,4,0
925,0.919454953014738,1,0.1469491804436178,1,0,0,-0.9124286847585029,-0.738667542842371,1,0
926,-1.279356394351672,0,0.1469491804436178,2,0,0,-0.7876646179730474,-0.2408572253028645,4,1
927,0.3037877757521432,1,0.1469491804436178,0,0,0,2.4902276821175557,2.2481943623946683,1,0
928,1.9748843997506147,1,0.1469491804436178,1,2,2,-0.49772994004548327,0.7547634097761486,5,1
929,0.6555975913307688,1,-1.3837714491773996,1,0,0,-0.6831038233659186,-0.738667542842371,1,1
930,-1.0154990326677027,1,-1.3837714491773996,1,0,0,-0.540263144631434,0.2569530922366421,4,1
931,-1.1914039404570154,0,0.1469491804436178,1,0,1,-0.5675552842407524,-0.9875727016121243,5,0
932,-0.4877843092997643,1,0.1469491804436178,1,0,2,-0.7256370279518692,-0.9875727016121243,1,1
933,0.5676451374361124,1,0.1469491804436178,1,3,2,-0.9744562747796811,-0.738667542842371,5,1
934,-1.103451486562359,0,0.1469491804436178,1,0,0,-0.6285195441472817,-0.738667542842371,5,1
935,-0.4877843092997643,1,1.677669810064635,1,1,1,-0.4792988847249046,0.7547634097761486,5,0
936,-0.6636892170890771,0,-1.3837714491773996,1,0,3,-0.8954154029241226,-0.9875727016121243,5,0
937,-0.4877843092997643,1,1.677669810064635,2,0,1,-0.4282590392217637,-1.2364778603818776,5,1
938,0.5676451374361124,1,0.1469491804436178,0,0,1,1.0692642055752515,3.2438149974736814,3,0
939,0.919454953014738,1,1.677669810064635,1,2,2,1.265625833413724,0.2569530922366421,1,1
940,0.8315024991200816,1,1.677669810064635,1,2,2,0.09064605672683516,-0.738667542842371,1,1
941,-0.3998318554051079,1,-1.3837714491773996,1,0,2,-0.6115062623129015,-0.9046043153555399,1,1
942,-0.3998318554051079,1,0.1469491804436178,1,2,2,-0.8301978225589982,0.2569530922366421,4,1
943,0.5676451374361124,1,-1.3837714491773996,1,0,2,-0.6437606091239141,-1.4024146328950464,1,1
944,0.919454953014738,0,0.1469491804436178,2,0,0,-0.5055276942195742,-0.4897623840726178,4,1
945,-0.4877843092997643,0,0.1469491804436178,1,3,1,1.8029619846829017,2.2481943623946683,1,1
946,-0.4877843092997643,1,0.1469491804436178,0,3,0,0.027555136591008247,0.2569530922366421,4,0
947,0.21583532185748686,1,1.677669810064635,1,2,2,-0.14612211546829057,-0.738667542842371,1,1
948,0.6555975913307688,1,-1.3837714491773996,1,0,2,-0.6161140261430461,-0.2408572253028645,4,0
949,-0.3998318554051079,1,0.1469491804436178,1,1,2,0.12396373365249658,0.2569530922366421,5,0
950,0.3917402296467996,1,-2.9144920787984168,1,0,1,0.1129759891344593,-0.2408572253028645,0,1
951,-1.0154990326677027,1,0.1469491804436178,1,0,0,-0.39919468275469744,1.2525737273156552,0,0
952,-0.6636892170890771,0,0.1469491804436178,2,3,1,0.2983498724548946,0.2569530922366421,1,0
953,-0.8395941248783899,0,1.677669810064635,1,0,2,2.730185844656628,1.2525737273156552,4,0
954,-0.5757367631944207,0,0.1469491804436178,1,0,0,-0.48851441238519394,-0.738667542842371,1,1
955,1.8869319458559584,0,1.677669810064635,2,4,0,-0.7231559243510222,0.2569530922366421,5,1
956,1.1833123146987072,1,-1.3837714491773996,1,2,3,0.1363692516567322,0.7547634097761486,5,1
957,0.12788286796283044,1,-1.3837714491773996,1,0,1,-0.7504480639603406,-0.9875727016121243,5,1
958,0.8315024991200816,1,-1.3837714491773996,1,0,0,0.2604244316990885,0.5888266372629798,1,0
959,-0.4877843092997643,1,0.1469491804436178,0,1,1,-0.07168900744287679,0.2569530922366421,4,1
960,-0.4877843092997643,1,0.1469491804436178,2,0,2,-0.5427442482322812,-1.2364778603818776,5,1
961,1.0074074069093943,1,0.1469491804436178,1,0,1,-0.32547046147238284,0.008047933466888799,1,1
962,-0.5757367631944207,1,0.1469491804436178,1,2,2,0.10092491450177327,-0.4897623840726178,1,1
963,-0.048022039826482336,1,0.1469491804436178,1,3,2,-0.3098749531242009,0.2569530922366421,5,0
964,-1.1914039404570154,1,-1.3837714491773996,1,0,1,-0.9985584240450531,-1.2364778603818776,6,1
965,-0.8395941248783899,0,0.1469491804436178,1,2,1,-0.5516053325210208,0.7547634097761486,5,1
966,-1.103451486562359,1,-1.3837714491773996,1,3,1,-0.2662784184236014,0.5058582510063954,5,0
967,1.6230745841719891,0,1.677669810064635,2,0,2,0.10517823496036834,-0.4897623840726178,5,1
968,-0.5757367631944207,1,0.1469491804436178,2,2,2,1.380465485795791,1.7503840448551617,5,1
969,0.3917402296467996,1,-1.3837714491773996,1,0,0,0.236676725805266,-0.8216359290989554,1,1
970,-1.1914039404570154,1,0.1469491804436178,1,1,1,-0.6228484502024884,-0.4897623840726178,6,1
971,0.6555975913307688,1,-1.3837714491773996,1,0,2,1.4609241311375478,0.2569530922366421,1,1
972,-0.5757367631944207,0,-2.9144920787984168,2,0,0,-0.7366247724699065,0.2569530922366421,1,0
973,0.03993041406817406,1,0.1469491804436178,2,0,0,1.4268975674687874,3.2438149974736814,0,0
974,-0.22392694761579512,0,0.1469491804436178,1,0,2,-0.15604652987167908,0.7547634097761486,5,1
975,1.8869319458559584,0,-1.3837714491773996,1,3,3,-0.7135859533191833,0.2569530922366421,5,1
976,2.502599123118553,0,0.1469491804436178,1,0,1,-0.892579855951726,-1.2364778603818776,5,1
977,0.5676451374361124,1,0.1469491804436178,1,2,1,-0.2992416519777132,-0.2408572253028645,0,1
978,1.0074074069093943,1,-1.3837714491773996,1,0,2,-0.25989843773570875,0.2569530922366421,1,0
979,-0.9275465787730462,1,0.1469491804436178,2,1,1,-0.7114592930898858,-0.4897623840726178,1,0
980,1.1833123146987072,1,0.1469491804436178,1,0,1,1.8128863990862902,0.7547634097761486,4,0
981,-0.22392694761579512,1,1.677669810064635,2,0,2,0.5574479770576445,2.2481943623946683,0,0
982,-0.6636892170890771,0,1.677669810064635,1,1,3,-0.12343773968911685,0.008047933466888799,1,1
983,-0.8395941248783899,1,0.1469491804436178,1,0,0,1.7572387897530046,1.2525737273156552,1,0
984,-0.4877843092997643,1,-1.3837714491773996,1,0,2,-0.4406645572259994,0.2569530922366421,4,1
985,-0.9275465787730462,0,0.1469491804436178,2,0,0,-0.6515583632980051,-0.4897623840726178,4,1
986,-0.22392694761579512,1,0.1469491804436178,1,0,3,1.0696186489468011,1.7503840448551617,0,1
987,2.502599123118553,0,0.1469491804436178,1,1,2,-0.6600650042151952,-0.6556991565857866,5,1
988,-0.5757367631944207,1,1.677669810064635,0,0,0,1.172407226696182,0.2569530922366421,1,1
989,1.0953598608040507,1,-1.3837714491773996,1,0,1,-0.5416809181176324,0.2569530922366421,5,1
990,0.12788286796283044,1,-1.3837714491773996,1,2,2,0.10411490484571956,-0.738667542842371,3,1
991,-0.13597449372113873,1,-1.3837714491773996,1,1,2,-0.603354064767261,-0.4897623840726178,5,1
992,-1.103451486562359,1,-1.3837714491773996,2,2,0,-0.4732733474085616,-0.2408572253028645,5,1
993,-0.4877843092997643,1,1.677669810064635,1,0,0,0.2437655932362578,1.2525737273156552,4,1
994,1.2712647685933636,1,0.1469491804436178,1,2,2,-0.312356056725048,-0.738667542842371,1,1
995,-0.3998318554051079,0,-1.3837714491773996,1,0,2,-0.5441620217184795,-0.738667542842371,4,1
996,0.3917402296467996,1,1.677669810064635,1,0,0,0.20761236933819968,0.7547634097761486,1,1
997,0.21583532185748686,1,0.1469491804436178,1,0,2,-0.8745032440026969,-0.738667542842371,5,1
998,-1.103451486562359,1,0.1469491804436178,0,0,0,-0.5055276942195742,1.999289203624915,5,0
999,-0.7516416709837335,1,0.1469491804436178,1,1,1,0.4624571534823545,1.999289203624915,1,1
